6.000000,0.000000,2.000000,1.000000,0.000000,1.000000,1.000000,1.000000,0.000000,0.000000,1.000000,1.000000,0.000000,2.000000,2.000000,0.000000,0.000000,0.000000,1.000000,1.000000,3.000000,1.000000,1.000000,1.000000,0.000000,0.000000,0.000000,0.000000,4.000000,0.000000,0.000000,0.000000,0.000000,0.000000,0.000000,a
4.000000,0.000000,2.000000,1.000000,0.000000,2.000000,0.000000,2.000000,1.000000,1.000000,1.000000,1.000000,0.000000,2.000000,2.000000,0.000000,0.000000,0.000000,1.000000,0.000000,3.000000,1.000000,1.000000,1.000000,0.000000,0.000000,0.000000,0.000000,4.000000,0.000000,0.000000,0.000000,0.000000,0.000000,0.000000,a
3.000000,0.000000,2.000000,1.000000,0.000000,1.000000,0.000000,2.000000,1.000000,2.000000,1.000000,1.000000,0.000000,2.000000,2.000000,0.000000,0.000000,0.000000,1.000000,0.000000,3.000000,0.000000,1.000000,1.000000,0.000000,0.000000,0.000000,0.000000,4.000000,0.000000,0.000000,0.000000,0.000000,0.000000,0.000000,a
3.000000,0.000000,2.000000,1.000000,0.000000,1.000000,0.000000,2.000000,0.000000,1.000000,1.000000,1.000000,0.000000,2.000000,2.000000,0.000000,0.000000,0.000000,1.000000,0.000000,3.000000,0.000000,1.000000,1.000000,0.000000,0.000000,0.000000,0.000000,4.000000,0.000000,0.000000,0.000000,0.000000,0.000000,0.000000,a
6.000000,0.000000,2.000000,1.000000,0.000000,2.000000,0.000000,1.000000,0.000000,2.000000,1.000000,1.000000,0.000000,2.000000,2.000000,0.000000,0.000000,0.000000,1.000000,0.000000,3.000000,1.000000,1.000000,1.000000,0.000000,0.000000,0.000000,0.000000,4.000000,0.000000,0.000000,0.000000,0.000000,0.000000,0.000000,a
5.000000,0.000000,2.000000,1.000000,0.000000,3.000000,0.000000,1.000000,0.000000,1.000000,1.000000,1.000000,0.000000,2.000000,2.000000,0.000000,0.000000,0.000000,1.000000,0.000000,3.000000,0.000000,1.000000,1.000000,0.000000,0.000000,0.000000,0.000000,4.000000,0.000000,0.000000,0.000000,0.000000,0.000000,0.000000,a
5.000000,0.000000,2.000000,1.000000,0.000000,2.000000,0.000000,1.000000,1.000000,0.000000,1.000000,1.000000,0.000000,2.000000,2.000000,0.000000,0.000000,0.000000,1.000000,1.000000,3.000000,1.000000,1.000000,1.000000,0.000000,0.000000,0.000000,0.000000,4.000000,0.000000,0.000000,0.000000,0.000000,0.000000,0.000000,a
4.000000,0.000000,2.000000,1.000000,1.000000,1.000000,0.000000,1.000000,0.000000,2.000000,1.000000,1.000000,0.000000,2.000000,2.000000,0.000000,0.000000,0.000000,1.000000,0.000000,3.000000,1.000000,1.000000,1.000000,0.000000,0.000000,0.000000,0.000000,4.000000,0.000000,0.000000,0.000000,0.000000,0.000000,0.000000,a
6.000000,0.000000,2.000000,1.000000,0.000000,3.000000,0.000000,1.000000,1.000000,1.000000,1.000000,1.000000,0.000000,2.000000,2.000000,0.000000,0.000000,0.000000,1.000000,0.000000,3.000000,1.000000,1.000000,1.000000,0.000000,0.000000,0.000000,0.000000,4.000000,0.000000,0.000000,0.000000,0.000000,0.000000,0.000000,a
4.000000,0.000000,2.000000,1.000000,0.000000,2.000000,0.000000,2.000000,0.000000,2.000000,1.000000,1.000000,0.000000,2.000000,2.000000,0.000000,0.000000,0.000000,1.000000,0.000000,3.000000,1.000000,1.000000,1.000000,0.000000,0.000000,0.000000,0.000000,4.000000,0.000000,0.000000,0.000000,0.000000,0.000000,0.000000,a
6.000000,0.000000,0.000000,2.000000,0.000000,1.000000,3.000000,1.000000,1.000000,0.000000,1.000000,1.000000,0.000000,2.000000,2.000000,0.000000,0.000000,0.000000,1.000000,0.000000,0.000000,3.000000,0.000000,0.000000,0.000000,2.000000,1.000000,0.000000,4.000000,0.000000,0.000000,0.000000,0.000000,0.000000,0.000000,b
4.000000,0.000000,0.000000,1.000000,1.000000,1.000000,3.000000,1.000000,1.000000,1.000000,1.000000,1.000000,0.000000,2.000000,2.000000,0.000000,0.000000,0.000000,1.000000,1.000000,0.000000,3.000000,0.000000,0.000000,0.000000,2.000000,1.000000,0.000000,4.000000,0.000000,0.000000,0.000000,0.000000,0.000000,0.000000,b
3.000000,0.000000,0.000000,1.000000,0.000000,1.000000,2.000000,1.000000,0.000000,0.000000,1.000000,1.000000,0.000000,2.000000,2.000000,0.000000,0.000000,0.000000,1.000000,0.000000,0.000000,3.000000,0.000000,0.000000,0.000000,2.000000,1.000000,0.000000,4.000000,0.000000,0.000000,0.000000,0.000000,0.000000,0.000000,b
6.000000,0.000000,0.000000,1.000000,1.000000,3.000000,3.000000,1.000000,1.000000,0.000000,1.000000,1.000000,0.000000,2.000000,2.000000,0.000000,0.000000,0.000000,1.000000,0.000000,0.000000,3.000000,0.000000,0.000000,0.000000,2.000000,1.000000,0.000000,4.000000,0.000000,0.000000,0.000000,0.000000,0.000000,0.000000,b
6.000000,0.000000,0.000000,2.000000,0.000000,1.000000,3.000000,1.000000,1.000000,1.000000,1.000000,1.000000,0.000000,2.000000,2.000000,0.000000,0.000000,0.000000,1.000000,0.000000,0.000000,3.000000,0.000000,0.000000,0.000000,2.000000,1.000000,0.000000,4.000000,0.000000,0.000000,0.000000,0.000000,0.000000,0.000000,b
5.000000,0.000000,0.000000,2.000000,1.000000,3.000000,3.000000,1.000000,1.000000,2.000000,1.000000,1.000000,0.000000,2.000000,2.000000,0.000000,0.000000,0.000000,1.000000,0.000000,0.000000,3.000000,0.000000,0.000000,0.000000,2.000000,1.000000,0.000000,4.000000,0.000000,0.000000,0.000000,0.000000,0.000000,0.000000,b
6.000000,0.000000,0.000000,2.000000,1.000000,0.000000,2.000000,1.000000,0.000000,0.000000,1.000000,1.000000,0.000000,2.000000,2.000000,0.000000,0.000000,0.000000,1.000000,1.000000,0.000000,3.000000,0.000000,0.000000,0.000000,2.000000,1.000000,0.000000,4.000000,0.000000,0.000000,0.000000,0.000000,0.000000,0.000000,b
4.000000,0.000000,0.000000,1.000000,0.000000,2.000000,2.000000,1.000000,0.000000,1.000000,1.000000,1.000000,0.000000,2.000000,2.000000,0.000000,0.000000,0.000000,1.000000,0.000000,0.000000,3.000000,0.000000,0.000000,0.000000,2.000000,1.000000,0.000000,4.000000,0.000000,0.000000,0.000000,0.000000,0.000000,0.000000,b
3.000000,0.000000,0.000000,2.000000,0.000000,2.000000,2.000000,1.000000,0.000000,2.000000,1.000000,1.000000,0.000000,2.000000,2.000000,0.000000,0.000000,0.000000,1.000000,0.000000,0.000000,3.000000,0.000000,0.000000,0.000000,2.000000,1.000000,0.000000,4.000000,0.000000,0.000000,0.000000,0.000000,0.000000,0.000000,b
5.000000,0.000000,0.000000,2.000000,1.000000,2.000000,2.000000,1.000000,0.000000,2.000000,1.000000,1.000000,0.000000,2.000000,2.000000,0.000000,0.000000,0.000000,1.000000,0.000000,0.000000,3.000000,0.000000,0.000000,0.000000,2.000000,1.000000,0.000000,4.000000,0.000000,0.000000,0.000000,0.000000,0.000000,0.000000,b
1.000000,1.000000,2.000000,0.000000,0.000000,2.000000,1.000000,2.000000,0.000000,2.000000,1.000000,0.000000,0.000000,2.000000,2.000000,0.000000,0.000000,0.000000,1.000000,0.000000,1.000000,1.000000,0.000000,1.000000,1.000000,0.000000,0.000000,3.000000,4.000000,0.000000,0.000000,0.000000,0.000000,0.000000,0.000000,c
1.000000,1.000000,2.000000,0.000000,0.000000,1.000000,1.000000,2.000000,0.000000,1.000000,1.000000,0.000000,0.000000,2.000000,2.000000,0.000000,0.000000,0.000000,1.000000,0.000000,1.000000,1.000000,0.000000,1.000000,0.000000,0.000000,0.000000,3.000000,4.000000,0.000000,0.000000,0.000000,0.000000,0.000000,0.000000,c
3.000000,0.000000,2.000000,0.000000,1.000000,3.000000,1.000000,2.000000,0.000000,1.000000,1.000000,0.000000,0.000000,2.000000,2.000000,0.000000,0.000000,0.000000,1.000000,1.000000,1.000000,1.000000,0.000000,1.000000,1.000000,0.000000,0.000000,3.000000,4.000000,0.000000,0.000000,0.000000,0.000000,0.000000,0.000000,c
0.000000,1.000000,2.000000,0.000000,0.000000,0.000000,1.000000,1.000000,1.000000,2.000000,1.000000,0.000000,0.000000,2.000000,2.000000,0.000000,0.000000,0.000000,1.000000,0.000000,1.000000,1.000000,0.000000,1.000000,0.000000,0.000000,0.000000,3.000000,4.000000,0.000000,0.000000,0.000000,0.000000,0.000000,0.000000,c
0.000000,1.000000,2.000000,0.000000,0.000000,1.000000,1.000000,2.000000,1.000000,2.000000,1.000000,0.000000,0.000000,2.000000,2.000000,0.000000,0.000000,0.000000,1.000000,0.000000,1.000000,1.000000,0.000000,1.000000,0.000000,0.000000,0.000000,3.000000,4.000000,0.000000,0.000000,0.000000,0.000000,0.000000,0.000000,c
1.000000,1.000000,2.000000,0.000000,0.000000,3.000000,1.000000,2.000000,0.000000,2.000000,1.000000,0.000000,0.000000,2.000000,2.000000,0.000000,0.000000,0.000000,1.000000,0.000000,1.000000,1.000000,0.000000,1.000000,0.000000,0.000000,0.000000,3.000000,4.000000,0.000000,0.000000,0.000000,0.000000,0.000000,0.000000,c
1.000000,1.000000,2.000000,0.000000,0.000000,0.000000,1.000000,1.000000,0.000000,1.000000,1.000000,0.000000,0.000000,2.000000,2.000000,0.000000,0.000000,0.000000,1.000000,0.000000,1.000000,1.000000,0.000000,1.000000,0.000000,0.000000,0.000000,3.000000,4.000000,0.000000,0.000000,0.000000,0.000000,0.000000,0.000000,c
2.000000,1.000000,2.000000,0.000000,0.000000,2.000000,1.000000,1.000000,0.000000,1.000000,1.000000,0.000000,0.000000,2.000000,2.000000,0.000000,0.000000,0.000000,1.000000,0.000000,1.000000,1.000000,0.000000,1.000000,0.000000,0.000000,0.000000,3.000000,4.000000,0.000000,0.000000,0.000000,0.000000,0.000000,0.000000,c
1.000000,1.000000,2.000000,0.000000,0.000000,1.000000,1.000000,2.000000,0.000000,2.000000,1.000000,0.000000,0.000000,2.000000,2.000000,0.000000,0.000000,0.000000,1.000000,0.000000,1.000000,1.000000,0.000000,1.000000,0.000000,0.000000,0.000000,3.000000,4.000000,0.000000,0.000000,0.000000,0.000000,0.000000,0.000000,c
2.000000,1.000000,2.000000,0.000000,0.000000,1.000000,1.000000,2.000000,0.000000,2.000000,1.000000,0.000000,0.000000,2.000000,2.000000,0.000000,0.000000,0.000000,1.000000,0.000000,1.000000,1.000000,0.000000,1.000000,0.000000,0.000000,0.000000,3.000000,4.000000,0.000000,0.000000,0.000000,0.000000,0.000000,0.000000,c
0.000000,1.000000,2.000000,1.000000,1.000000,1.000000,1.000000,1.000000,0.000000,0.000000,1.000000,1.000000,0.000000,2.000000,2.000000,0.000000,0.000000,0.000000,1.000000,0.000000,1.000000,2.000000,0.000000,1.000000,0.000000,0.000000,0.000000,3.000000,4.000000,0.000000,0.000000,0.000000,0.000000,0.000000,0.000000,d
1.000000,1.000000,2.000000,0.000000,0.000000,2.000000,1.000000,2.000000,1.000000,1.000000,1.000000,1.000000,0.000000,2.000000,2.000000,0.000000,0.000000,0.000000,1.000000,0.000000,2.000000,2.000000,0.000000,0.000000,0.000000,0.000000,0.000000,3.000000,4.000000,0.000000,0.000000,0.000000,0.000000,0.000000,0.000000,d
0.000000,1.000000,1.000000,1.000000,0.000000,1.000000,1.000000,1.000000,0.000000,0.000000,1.000000,1.000000,0.000000,2.000000,2.000000,0.000000,0.000000,0.000000,1.000000,0.000000,1.000000,2.000000,0.000000,0.000000,0.000000,0.000000,0.000000,3.000000,4.000000,0.000000,0.000000,0.000000,0.000000,0.000000,0.000000,d
3.000000,1.000000,2.000000,0.000000,0.000000,2.000000,1.000000,2.000000,1.000000,1.000000,1.000000,1.000000,0.000000,2.000000,2.000000,0.000000,0.000000,0.000000,1.000000,0.000000,2.000000,2.000000,0.000000,0.000000,0.000000,0.000000,0.000000,3.000000,4.000000,0.000000,0.000000,0.000000,0.000000,0.000000,0.000000,d
2.000000,1.000000,2.000000,0.000000,0.000000,1.000000,1.000000,2.000000,0.000000,1.000000,1.000000,1.000000,0.000000,2.000000,2.000000,0.000000,0.000000,0.000000,1.000000,0.000000,1.000000,2.000000,0.000000,0.000000,0.000000,0.000000,0.000000,3.000000,4.000000,0.000000,0.000000,0.000000,0.000000,0.000000,0.000000,d
0.000000,1.000000,2.000000,1.000000,0.000000,3.000000,1.000000,1.000000,0.000000,0.000000,1.000000,1.000000,0.000000,2.000000,2.000000,0.000000,0.000000,0.000000,1.000000,0.000000,1.000000,2.000000,0.000000,0.000000,0.000000,0.000000,0.000000,3.000000,4.000000,0.000000,0.000000,0.000000,0.000000,0.000000,0.000000,d
0.000000,1.000000,1.000000,1.000000,1.000000,2.000000,1.000000,2.000000,1.000000,0.000000,1.000000,1.000000,0.000000,2.000000,2.000000,0.000000,0.000000,0.000000,1.000000,1.000000,2.000000,2.000000,0.000000,1.000000,0.000000,0.000000,0.000000,3.000000,4.000000,0.000000,0.000000,0.000000,0.000000,0.000000,0.000000,d
3.000000,1.000000,2.000000,0.000000,0.000000,1.000000,1.000000,2.000000,1.000000,0.000000,1.000000,1.000000,0.000000,2.000000,2.000000,0.000000,0.000000,0.000000,1.000000,0.000000,2.000000,2.000000,0.000000,0.000000,0.000000,0.000000,0.000000,3.000000,4.000000,0.000000,0.000000,0.000000,0.000000,0.000000,0.000000,d
0.000000,1.000000,2.000000,1.000000,0.000000,2.000000,1.000000,1.000000,0.000000,1.000000,1.000000,1.000000,0.000000,2.000000,2.000000,0.000000,0.000000,0.000000,1.000000,0.000000,1.000000,2.000000,0.000000,0.000000,0.000000,0.000000,0.000000,3.000000,4.000000,0.000000,0.000000,0.000000,0.000000,0.000000,0.000000,d
2.000000,1.000000,2.000000,1.000000,1.000000,1.000000,1.000000,2.000000,0.000000,2.000000,1.000000,1.000000,0.000000,2.000000,2.000000,0.000000,0.000000,0.000000,1.000000,0.000000,1.000000,2.000000,0.000000,1.000000,0.000000,0.000000,0.000000,3.000000,4.000000,0.000000,0.000000,0.000000,0.000000,0.000000,0.000000,d
0.000000,1.000000,2.000000,1.000000,0.000000,3.000000,1.000000,1.000000,0.000000,2.000000,1.000000,1.000000,0.000000,2.000000,2.000000,0.000000,0.000000,0.000000,1.000000,0.000000,1.000000,2.000000,0.000000,0.000000,0.000000,0.000000,0.000000,3.000000,4.000000,0.000000,0.000000,0.000000,0.000000,0.000000,0.000000,d
1.000000,1.000000,2.000000,1.000000,0.000000,0.000000,1.000000,2.000000,1.000000,1.000000,1.000000,1.000000,0.000000,2.000000,2.000000,0.000000,0.000000,0.000000,1.000000,0.000000,2.000000,2.000000,0.000000,0.000000,0.000000,0.000000,0.000000,3.000000,4.000000,0.000000,0.000000,0.000000,0.000000,0.000000,0.000000,d
4.000000,0.000000,0.000000,1.000000,0.000000,1.000000,3.000000,1.000000,1.000000,2.000000,0.000000,1.000000,0.000000,2.000000,2.000000,0.000000,0.000000,0.000000,1.000000,0.000000,0.000000,0.000000,0.000000,0.000000,0.000000,1.000000,0.000000,0.000000,0.000000,0.000000,0.000000,0.000000,0.000000,0.000000,0.000000,e
4.000000,0.000000,0.000000,1.000000,0.000000,1.000000,3.000000,1.000000,1.000000,2.000000,0.000000,1.000000,0.000000,2.000000,2.000000,0.000000,0.000000,0.000000,1.000000,0.000000,0.000000,0.000000,0.000000,0.000000,0.000000,1.000000,0.000000,0.000000,0.000000,0.000000,0.000000,0.000000,0.000000,0.000000,0.000000,e
3.000000,1.000000,0.000000,0.000000,0.000000,3.000000,0.000000,1.000000,1.000000,2.000000,1.000000,0.000000,0.000000,2.000000,2.000000,0.000000,0.000000,0.000000,1.000000,0.000000,0.000000,3.000000,0.000000,0.000000,0.000000,1.000000,0.000000,0.000000,4.000000,0.000000,0.000000,0.000000,0.000000,0.000000,0.000000,e
5.000000,0.000000,0.000000,2.000000,0.000000,1.000000,3.000000,1.000000,1.000000,2.000000,0.000000,1.000000,0.000000,2.000000,2.000000,0.000000,0.000000,0.000000,1.000000,0.000000,0.000000,0.000000,0.000000,0.000000,0.000000,1.000000,0.000000,0.000000,0.000000,0.000000,0.000000,0.000000,0.000000,0.000000,0.000000,e
5.000000,0.000000,0.000000,2.000000,0.000000,2.000000,3.000000,1.000000,1.000000,1.000000,0.000000,1.000000,0.000000,2.000000,2.000000,0.000000,0.000000,0.000000,1.000000,0.000000,0.000000,0.000000,0.000000,0.000000,0.000000,1.000000,0.000000,0.000000,0.000000,0.000000,0.000000,0.000000,0.000000,0.000000,0.000000,e
4.000000,0.000000,0.000000,1.000000,0.000000,3.000000,2.000000,1.000000,0.000000,1.000000,0.000000,1.000000,0.000000,2.000000,2.000000,0.000000,0.000000,0.000000,1.000000,0.000000,0.000000,0.000000,0.000000,0.000000,0.000000,1.000000,0.000000,0.000000,0.000000,0.000000,0.000000,0.000000,0.000000,0.000000,0.000000,e
5.000000,0.000000,0.000000,1.000000,1.000000,3.000000,3.000000,1.000000,0.000000,2.000000,1.000000,1.000000,2.000000,0.000000,1.000000,0.000000,0.000000,0.000000,1.000000,1.000000,0.000000,3.000000,0.000000,0.000000,0.000000,1.000000,0.000000,0.000000,4.000000,0.000000,0.000000,0.000000,0.000000,0.000000,0.000000,e
6.000000,0.000000,1.000000,1.000000,1.000000,2.000000,0.000000,1.000000,1.000000,0.000000,1.000000,0.000000,0.000000,2.000000,1.000000,0.000000,0.000000,0.000000,1.000000,1.000000,0.000000,3.000000,0.000000,0.000000,0.000000,1.000000,0.000000,0.000000,4.000000,0.000000,0.000000,0.000000,0.000000,0.000000,0.000000,e
5.000000,1.000000,0.000000,0.000000,0.000000,3.000000,2.000000,1.000000,0.000000,0.000000,1.000000,1.000000,0.000000,2.000000,2.000000,0.000000,0.000000,0.000000,1.000000,1.000000,0.000000,3.000000,0.000000,0.000000,0.000000,1.000000,0.000000,0.000000,4.000000,0.000000,0.000000,0.000000,0.000000,0.000000,0.000000,e
5.000000,1.000000,0.000000,1.000000,0.000000,1.000000,3.000000,1.000000,1.000000,0.000000,1.000000,1.000000,2.000000,0.000000,1.000000,0.000000,0.000000,0.000000,1.000000,1.000000,0.000000,3.000000,0.000000,0.000000,0.000000,1.000000,0.000000,0.000000,4.000000,0.000000,0.000000,0.000000,0.000000,0.000000,0.000000,e
4.000000,0.000000,1.000000,0.000000,1.000000,2.000000,3.000000,1.000000,1.000000,2.000000,1.000000,0.000000,0.000000,2.000000,2.000000,0.000000,0.000000,0.000000,1.000000,1.000000,0.000000,3.000000,0.000000,0.000000,0.000000,1.000000,0.000000,0.000000,4.000000,0.000000,0.000000,0.000000,0.000000,0.000000,0.000000,e
4.000000,1.000000,0.000000,0.000000,0.000000,3.000000,2.000000,1.000000,1.000000,1.000000,1.000000,1.000000,2.000000,0.000000,1.000000,0.000000,0.000000,0.000000,1.000000,1.000000,0.000000,3.000000,0.000000,0.000000,0.000000,1.000000,0.000000,0.000000,4.000000,0.000000,0.000000,0.000000,0.000000,0.000000,0.000000,e
4.000000,0.000000,0.000000,1.000000,0.000000,2.000000,0.000000,1.000000,1.000000,0.000000,0.000000,1.000000,0.000000,2.000000,2.000000,0.000000,0.000000,0.000000,1.000000,0.000000,0.000000,0.000000,0.000000,0.000000,0.000000,1.000000,0.000000,0.000000,0.000000,0.000000,0.000000,0.000000,0.000000,0.000000,0.000000,e
3.000000,1.000000,0.000000,0.000000,0.000000,2.000000,0.000000,2.000000,0.000000,1.000000,1.000000,1.000000,2.000000,0.000000,1.000000,0.000000,0.000000,0.000000,1.000000,0.000000,0.000000,3.000000,0.000000,0.000000,0.000000,1.000000,0.000000,0.000000,4.000000,0.000000,0.000000,0.000000,0.000000,0.000000,0.000000,e
5.000000,0.000000,0.000000,1.000000,0.000000,3.000000,2.000000,1.000000,0.000000,1.000000,0.000000,1.000000,0.000000,2.000000,2.000000,0.000000,0.000000,0.000000,1.000000,0.000000,0.000000,0.000000,0.000000,0.000000,0.000000,1.000000,0.000000,0.000000,0.000000,0.000000,0.000000,0.000000,0.000000,0.000000,0.000000,e
4.000000,0.000000,0.000000,1.000000,0.000000,3.000000,3.000000,1.000000,1.000000,0.000000,0.000000,1.000000,0.000000,2.000000,2.000000,0.000000,0.000000,0.000000,1.000000,0.000000,0.000000,0.000000,0.000000,0.000000,0.000000,1.000000,0.000000,0.000000,0.000000,0.000000,0.000000,0.000000,0.000000,0.000000,0.000000,e
4.000000,0.000000,0.000000,1.000000,0.000000,3.000000,2.000000,1.000000,0.000000,2.000000,0.000000,1.000000,0.000000,2.000000,2.000000,0.000000,0.000000,0.000000,1.000000,0.000000,0.000000,0.000000,0.000000,0.000000,0.000000,1.000000,0.000000,0.000000,0.000000,0.000000,0.000000,0.000000,0.000000,0.000000,0.000000,e
4.000000,0.000000,0.000000,1.000000,0.000000,1.000000,2.000000,1.000000,1.000000,2.000000,0.000000,1.000000,0.000000,2.000000,2.000000,0.000000,0.000000,0.000000,1.000000,0.000000,0.000000,0.000000,0.000000,0.000000,0.000000,1.000000,0.000000,0.000000,0.000000,0.000000,0.000000,0.000000,0.000000,0.000000,0.000000,e
4.000000,0.000000,0.000000,1.000000,0.000000,1.000000,2.000000,1.000000,0.000000,0.000000,0.000000,1.000000,0.000000,2.000000,2.000000,0.000000,0.000000,0.000000,1.000000,0.000000,0.000000,0.000000,0.000000,0.000000,0.000000,1.000000,0.000000,0.000000,0.000000,0.000000,0.000000,0.000000,0.000000,0.000000,0.000000,e
3.000000,0.000000,0.000000,1.000000,0.000000,3.000000,2.000000,1.000000,0.000000,0.000000,0.000000,1.000000,0.000000,2.000000,2.000000,0.000000,0.000000,0.000000,1.000000,0.000000,0.000000,0.000000,0.000000,0.000000,0.000000,1.000000,0.000000,0.000000,0.000000,0.000000,0.000000,0.000000,0.000000,0.000000,0.000000,e
5.000000,0.000000,0.000000,1.000000,1.000000,3.000000,3.000000,1.000000,0.000000,1.000000,0.000000,1.000000,0.000000,2.000000,2.000000,0.000000,0.000000,1.000000,0.000000,0.000000,0.000000,0.000000,0.000000,0.000000,0.000000,0.000000,0.000000,0.000000,0.000000,0.000000,0.000000,0.000000,0.000000,0.000000,0.000000,f
6.000000,0.000000,1.000000,0.000000,1.000000,0.000000,0.000000,0.000000,1.000000,2.000000,0.000000,1.000000,0.000000,2.000000,2.000000,0.000000,0.000000,1.000000,0.000000,0.000000,0.000000,0.000000,0.000000,0.000000,0.000000,0.000000,0.000000,0.000000,0.000000,0.000000,0.000000,0.000000,0.000000,0.000000,0.000000,f
1.000000,1.000000,0.000000,1.000000,0.000000,3.000000,3.000000,1.000000,2.000000,0.000000,0.000000,1.000000,0.000000,2.000000,2.000000,0.000000,0.000000,1.000000,0.000000,0.000000,0.000000,0.000000,0.000000,0.000000,0.000000,0.000000,0.000000,0.000000,0.000000,0.000000,0.000000,0.000000,0.000000,0.000000,0.000000,f
6.000000,1.000000,1.000000,0.000000,0.000000,2.000000,2.000000,0.000000,1.000000,2.000000,0.000000,1.000000,0.000000,2.000000,2.000000,0.000000,0.000000,1.000000,0.000000,0.000000,0.000000,0.000000,0.000000,0.000000,0.000000,0.000000,0.000000,0.000000,0.000000,0.000000,0.000000,0.000000,0.000000,0.000000,0.000000,f
4.000000,1.000000,1.000000,0.000000,0.000000,2.000000,2.000000,0.000000,2.000000,0.000000,0.000000,1.000000,0.000000,2.000000,2.000000,0.000000,0.000000,1.000000,0.000000,0.000000,0.000000,0.000000,0.000000,0.000000,0.000000,0.000000,0.000000,0.000000,0.000000,0.000000,0.000000,0.000000,0.000000,0.000000,0.000000,f
6.000000,0.000000,0.000000,1.000000,1.000000,1.000000,1.000000,1.000000,0.000000,2.000000,0.000000,1.000000,0.000000,2.000000,2.000000,0.000000,0.000000,1.000000,0.000000,0.000000,0.000000,0.000000,0.000000,0.000000,0.000000,0.000000,0.000000,0.000000,0.000000,0.000000,0.000000,0.000000,0.000000,0.000000,0.000000,f
2.000000,1.000000,1.000000,0.000000,0.000000,2.000000,2.000000,0.000000,0.000000,1.000000,0.000000,1.000000,0.000000,2.000000,2.000000,0.000000,0.000000,1.000000,0.000000,0.000000,0.000000,0.000000,0.000000,0.000000,0.000000,0.000000,0.000000,0.000000,0.000000,0.000000,0.000000,0.000000,0.000000,0.000000,0.000000,f
6.000000,1.000000,0.000000,1.000000,0.000000,1.000000,1.000000,1.000000,1.000000,2.000000,0.000000,1.000000,0.000000,2.000000,2.000000,0.000000,0.000000,1.000000,0.000000,0.000000,0.000000,0.000000,0.000000,0.000000,0.000000,0.000000,0.000000,0.000000,0.000000,0.000000,0.000000,0.000000,0.000000,0.000000,0.000000,f
5.000000,1.000000,0.000000,1.000000,0.000000,1.000000,1.000000,1.000000,0.000000,1.000000,0.000000,1.000000,0.000000,2.000000,2.000000,0.000000,0.000000,1.000000,0.000000,0.000000,0.000000,0.000000,0.000000,0.000000,0.000000,0.000000,0.000000,0.000000,0.000000,0.000000,0.000000,0.000000,0.000000,0.000000,0.000000,f
1.000000,1.000000,0.000000,1.000000,0.000000,1.000000,1.000000,1.000000,2.000000,0.000000,0.000000,1.000000,0.000000,2.000000,2.000000,0.000000,0.000000,1.000000,0.000000,0.000000,0.000000,0.000000,0.000000,0.000000,0.000000,0.000000,0.000000,0.000000,0.000000,0.000000,0.000000,0.000000,0.000000,0.000000,0.000000,f
6.000000,0.000000,2.000000,0.000000,1.000000,2.000000,1.000000,0.000000,1.000000,2.000000,0.000000,1.000000,2.000000,0.000000,1.000000,0.000000,1.000000,2.000000,0.000000,0.000000,0.000000,0.000000,0.000000,0.000000,0.000000,0.000000,0.000000,0.000000,0.000000,1.000000,1.000000,0.000000,0.000000,0.000000,0.000000,g
2.000000,0.000000,2.000000,1.000000,1.000000,1.000000,1.000000,1.000000,1.000000,2.000000,0.000000,1.000000,2.000000,0.000000,1.000000,0.000000,1.000000,2.000000,0.000000,0.000000,0.000000,0.000000,0.000000,0.000000,0.000000,0.000000,0.000000,0.000000,0.000000,1.000000,1.000000,0.000000,0.000000,0.000000,0.000000,g
1.000000,0.000000,2.000000,1.000000,1.000000,3.000000,2.000000,1.000000,0.000000,1.000000,0.000000,1.000000,1.000000,0.000000,1.000000,0.000000,0.000000,2.000000,0.000000,0.000000,0.000000,0.000000,0.000000,0.000000,0.000000,0.000000,0.000000,0.000000,0.000000,1.000000,1.000000,0.000000,0.000000,0.000000,0.000000,g
4.000000,1.000000,2.000000,2.000000,0.000000,2.000000,2.000000,1.000000,0.000000,1.000000,0.000000,1.000000,1.000000,0.000000,1.000000,0.000000,1.000000,2.000000,0.000000,0.000000,0.000000,0.000000,0.000000,0.000000,0.000000,0.000000,0.000000,0.000000,0.000000,1.000000,1.000000,0.000000,0.000000,0.000000,0.000000,g
1.000000,0.000000,2.000000,0.000000,1.000000,0.000000,0.000000,1.000000,0.000000,1.000000,0.000000,1.000000,1.000000,0.000000,1.000000,0.000000,0.000000,2.000000,0.000000,0.000000,0.000000,0.000000,0.000000,0.000000,0.000000,0.000000,0.000000,0.000000,0.000000,1.000000,1.000000,0.000000,0.000000,0.000000,0.000000,g
2.000000,1.000000,2.000000,0.000000,0.000000,3.000000,0.000000,1.000000,0.000000,1.000000,0.000000,1.000000,1.000000,0.000000,1.000000,0.000000,0.000000,2.000000,0.000000,0.000000,0.000000,0.000000,0.000000,0.000000,0.000000,0.000000,0.000000,0.000000,0.000000,1.000000,1.000000,0.000000,0.000000,0.000000,0.000000,g
2.000000,1.000000,2.000000,1.000000,0.000000,2.000000,0.000000,1.000000,0.000000,1.000000,0.000000,1.000000,2.000000,0.000000,1.000000,0.000000,0.000000,2.000000,0.000000,0.000000,0.000000,0.000000,0.000000,0.000000,0.000000,0.000000,0.000000,0.000000,0.000000,1.000000,1.000000,0.000000,0.000000,0.000000,0.000000,g
4.000000,1.000000,2.000000,2.000000,0.000000,2.000000,1.000000,0.000000,1.000000,2.000000,0.000000,1.000000,1.000000,0.000000,1.000000,0.000000,0.000000,2.000000,0.000000,0.000000,0.000000,0.000000,0.000000,0.000000,0.000000,0.000000,0.000000,0.000000,0.000000,1.000000,1.000000,0.000000,0.000000,0.000000,0.000000,g
4.000000,1.000000,2.000000,0.000000,0.000000,1.000000,2.000000,1.000000,0.000000,1.000000,0.000000,1.000000,2.000000,0.000000,1.000000,0.000000,0.000000,2.000000,0.000000,0.000000,0.000000,0.000000,0.000000,0.000000,0.000000,0.000000,0.000000,0.000000,0.000000,1.000000,1.000000,0.000000,0.000000,0.000000,0.000000,g
5.000000,1.000000,2.000000,1.000000,0.000000,3.000000,2.000000,1.000000,0.000000,1.000000,0.000000,1.000000,1.000000,0.000000,1.000000,0.000000,0.000000,2.000000,0.000000,0.000000,0.000000,0.000000,0.000000,0.000000,0.000000,0.000000,0.000000,0.000000,0.000000,1.000000,1.000000,0.000000,0.000000,0.000000,0.000000,g
1.000000,1.000000,2.000000,2.000000,1.000000,3.000000,3.000000,1.000000,0.000000,2.000000,1.000000,1.000000,2.000000,0.000000,1.000000,0.000000,0.000000,0.000000,0.000000,0.000000,0.000000,0.000000,0.000000,0.000000,0.000000,0.000000,0.000000,0.000000,0.000000,0.000000,0.000000,0.000000,0.000000,0.000000,0.000000,h
2.000000,0.000000,2.000000,1.000000,0.000000,2.000000,3.000000,1.000000,1.000000,1.000000,0.000000,1.000000,2.000000,0.000000,1.000000,0.000000,0.000000,0.000000,0.000000,0.000000,0.000000,0.000000,0.000000,0.000000,0.000000,0.000000,0.000000,0.000000,0.000000,0.000000,0.000000,0.000000,0.000000,0.000000,0.000000,h
2.000000,0.000000,2.000000,1.000000,0.000000,2.000000,3.000000,1.000000,1.000000,0.000000,0.000000,1.000000,2.000000,0.000000,1.000000,1.000000,0.000000,0.000000,0.000000,0.000000,0.000000,0.000000,0.000000,0.000000,0.000000,0.000000,0.000000,0.000000,0.000000,0.000000,0.000000,0.000000,0.000000,0.000000,0.000000,h
2.000000,0.000000,2.000000,1.000000,0.000000,1.000000,0.000000,1.000000,2.000000,0.000000,0.000000,1.000000,2.000000,0.000000,1.000000,1.000000,0.000000,0.000000,0.000000,0.000000,0.000000,0.000000,0.000000,0.000000,0.000000,0.000000,0.000000,0.000000,0.000000,0.000000,0.000000,0.000000,0.000000,0.000000,0.000000,h
1.000000,1.000000,2.000000,2.000000,1.000000,3.000000,3.000000,1.000000,1.000000,1.000000,1.000000,1.000000,2.000000,0.000000,1.000000,0.000000,0.000000,0.000000,0.000000,0.000000,0.000000,0.000000,0.000000,0.000000,0.000000,0.000000,0.000000,0.000000,0.000000,0.000000,0.000000,0.000000,0.000000,0.000000,0.000000,h
1.000000,1.000000,2.000000,1.000000,0.000000,2.000000,3.000000,1.000000,0.000000,2.000000,0.000000,1.000000,2.000000,0.000000,1.000000,1.000000,0.000000,0.000000,0.000000,0.000000,0.000000,0.000000,0.000000,0.000000,0.000000,0.000000,0.000000,0.000000,0.000000,0.000000,0.000000,0.000000,0.000000,0.000000,0.000000,h
0.000000,1.000000,2.000000,2.000000,1.000000,3.000000,3.000000,1.000000,2.000000,1.000000,0.000000,1.000000,2.000000,0.000000,1.000000,0.000000,0.000000,0.000000,0.000000,0.000000,0.000000,0.000000,0.000000,0.000000,0.000000,0.000000,0.000000,0.000000,0.000000,0.000000,0.000000,0.000000,0.000000,0.000000,0.000000,h
2.000000,0.000000,2.000000,1.000000,0.000000,2.000000,3.000000,1.000000,0.000000,0.000000,0.000000,1.000000,2.000000,0.000000,1.000000,1.000000,0.000000,0.000000,0.000000,0.000000,0.000000,0.000000,0.000000,0.000000,0.000000,0.000000,0.000000,0.000000,0.000000,0.000000,0.000000,0.000000,0.000000,0.000000,0.000000,h
1.000000,0.000000,2.000000,1.000000,0.000000,2.000000,3.000000,1.000000,1.000000,1.000000,0.000000,1.000000,2.000000,0.000000,1.000000,1.000000,0.000000,0.000000,0.000000,0.000000,0.000000,0.000000,0.000000,0.000000,0.000000,0.000000,0.000000,0.000000,0.000000,0.000000,0.000000,0.000000,0.000000,0.000000,0.000000,h
2.000000,1.000000,2.000000,1.000000,0.000000,3.000000,3.000000,1.000000,0.000000,2.000000,0.000000,1.000000,2.000000,0.000000,1.000000,1.000000,0.000000,0.000000,0.000000,0.000000,0.000000,0.000000,0.000000,0.000000,0.000000,0.000000,0.000000,0.000000,0.000000,0.000000,0.000000,0.000000,0.000000,0.000000,0.000000,h
5.000000,0.000000,2.000000,1.000000,0.000000,2.000000,2.000000,1.000000,0.000000,1.000000,0.000000,1.000000,2.000000,0.000000,1.000000,0.000000,0.000000,0.000000,1.000000,0.000000,3.000000,1.000000,1.000000,0.000000,0.000000,0.000000,0.000000,0.000000,0.000000,0.000000,0.000000,0.000000,0.000000,0.000000,0.000000,h
1.000000,1.000000,2.000000,1.000000,0.000000,3.000000,3.000000,1.000000,1.000000,2.000000,0.000000,1.000000,2.000000,0.000000,1.000000,1.000000,0.000000,0.000000,0.000000,0.000000,0.000000,0.000000,0.000000,0.000000,0.000000,0.000000,0.000000,0.000000,0.000000,0.000000,0.000000,0.000000,0.000000,0.000000,0.000000,h
1.000000,0.000000,2.000000,1.000000,0.000000,3.000000,3.000000,1.000000,2.000000,0.000000,0.000000,1.000000,2.000000,0.000000,1.000000,1.000000,0.000000,0.000000,0.000000,0.000000,0.000000,0.000000,0.000000,0.000000,0.000000,0.000000,0.000000,0.000000,0.000000,0.000000,0.000000,0.000000,0.000000,0.000000,0.000000,h
4.000000,0.000000,2.000000,1.000000,0.000000,1.000000,3.000000,1.000000,0.000000,0.000000,0.000000,1.000000,2.000000,0.000000,1.000000,1.000000,0.000000,0.000000,1.000000,0.000000,3.000000,1.000000,1.000000,0.000000,0.000000,0.000000,0.000000,0.000000,0.000000,0.000000,0.000000,0.000000,0.000000,0.000000,0.000000,h
1.000000,0.000000,2.000000,1.000000,0.000000,2.000000,3.000000,1.000000,0.000000,1.000000,0.000000,1.000000,2.000000,0.000000,1.000000,1.000000,0.000000,0.000000,0.000000,0.000000,0.000000,0.000000,0.000000,0.000000,0.000000,0.000000,0.000000,0.000000,0.000000,0.000000,0.000000,0.000000,0.000000,0.000000,0.000000,h
4.000000,1.000000,2.000000,1.000000,0.000000,3.000000,3.000000,1.000000,0.000000,2.000000,0.000000,1.000000,2.000000,0.000000,1.000000,0.000000,0.000000,0.000000,1.000000,0.000000,3.000000,1.000000,1.000000,0.000000,0.000000,0.000000,0.000000,0.000000,0.000000,0.000000,0.000000,0.000000,0.000000,0.000000,0.000000,h
2.000000,0.000000,2.000000,1.000000,0.000000,3.000000,3.000000,1.000000,0.000000,0.000000,0.000000,1.000000,2.000000,0.000000,1.000000,1.000000,0.000000,0.000000,0.000000,0.000000,0.000000,0.000000,0.000000,0.000000,0.000000,0.000000,0.000000,0.000000,0.000000,0.000000,0.000000,0.000000,0.000000,0.000000,0.000000,h
0.000000,1.000000,1.000000,1.000000,1.000000,2.000000,2.000000,0.000000,2.000000,1.000000,1.000000,1.000000,2.000000,0.000000,1.000000,0.000000,0.000000,0.000000,0.000000,0.000000,0.000000,0.000000,0.000000,0.000000,0.000000,0.000000,0.000000,0.000000,0.000000,0.000000,0.000000,0.000000,0.000000,0.000000,0.000000,h
1.000000,1.000000,1.000000,1.000000,1.000000,2.000000,0.000000,0.000000,0.000000,2.000000,0.000000,1.000000,2.000000,0.000000,1.000000,0.000000,0.000000,0.000000,0.000000,0.000000,0.000000,0.000000,0.000000,0.000000,0.000000,0.000000,0.000000,0.000000,0.000000,0.000000,0.000000,0.000000,0.000000,0.000000,0.000000,h
1.000000,1.000000,2.000000,1.000000,0.000000,1.000000,0.000000,1.000000,2.000000,2.000000,0.000000,1.000000,2.000000,0.000000,1.000000,1.000000,0.000000,0.000000,0.000000,0.000000,0.000000,0.000000,0.000000,0.000000,0.000000,0.000000,0.000000,0.000000,0.000000,0.000000,0.000000,0.000000,0.000000,0.000000,0.000000,h
1.000000,0.000000,2.000000,1.000000,0.000000,1.000000,3.000000,1.000000,0.000000,0.000000,0.000000,1.000000,2.000000,0.000000,1.000000,0.000000,0.000000,0.000000,1.000000,0.000000,3.000000,1.000000,1.000000,0.000000,0.000000,0.000000,0.000000,0.000000,0.000000,0.000000,0.000000,0.000000,0.000000,0.000000,0.000000,h
2.000000,0.000000,2.000000,1.000000,0.000000,3.000000,3.000000,1.000000,1.000000,1.000000,0.000000,1.000000,2.000000,0.000000,1.000000,1.000000,0.000000,0.000000,0.000000,0.000000,0.000000,0.000000,0.000000,0.000000,0.000000,0.000000,0.000000,0.000000,0.000000,0.000000,0.000000,0.000000,0.000000,0.000000,0.000000,h
3.000000,0.000000,2.000000,1.000000,0.000000,2.000000,3.000000,2.000000,2.000000,1.000000,0.000000,1.000000,2.000000,0.000000,1.000000,0.000000,0.000000,0.000000,1.000000,0.000000,0.000000,3.000000,1.000000,1.000000,0.000000,0.000000,0.000000,0.000000,0.000000,0.000000,0.000000,0.000000,0.000000,0.000000,0.000000,h
2.000000,1.000000,2.000000,2.000000,1.000000,3.000000,1.000000,1.000000,1.000000,0.000000,1.000000,1.000000,2.000000,0.000000,1.000000,0.000000,0.000000,0.000000,0.000000,0.000000,0.000000,0.000000,0.000000,0.000000,0.000000,0.000000,0.000000,0.000000,0.000000,0.000000,0.000000,0.000000,0.000000,0.000000,0.000000,h
1.000000,0.000000,2.000000,1.000000,0.000000,2.000000,3.000000,1.000000,2.000000,0.000000,0.000000,1.000000,2.000000,0.000000,1.000000,1.000000,0.000000,0.000000,0.000000,0.000000,0.000000,0.000000,0.000000,0.000000,0.000000,0.000000,0.000000,0.000000,0.000000,0.000000,0.000000,0.000000,0.000000,0.000000,0.000000,h
1.000000,1.000000,2.000000,1.000000,0.000000,2.000000,3.000000,1.000000,0.000000,2.000000,0.000000,1.000000,2.000000,0.000000,1.000000,1.000000,0.000000,0.000000,0.000000,0.000000,0.000000,0.000000,0.000000,0.000000,0.000000,0.000000,0.000000,0.000000,0.000000,0.000000,0.000000,0.000000,0.000000,0.000000,0.000000,h
5.000000,0.000000,2.000000,1.000000,0.000000,1.000000,3.000000,1.000000,0.000000,0.000000,0.000000,1.000000,2.000000,0.000000,1.000000,1.000000,0.000000,0.000000,1.000000,0.000000,3.000000,1.000000,1.000000,0.000000,0.000000,0.000000,0.000000,0.000000,0.000000,0.000000,0.000000,0.000000,0.000000,0.000000,0.000000,h
4.000000,1.000000,1.000000,1.000000,1.000000,2.000000,2.000000,0.000000,0.000000,2.000000,0.000000,1.000000,2.000000,0.000000,1.000000,0.000000,0.000000,0.000000,1.000000,0.000000,3.000000,1.000000,1.000000,0.000000,0.000000,0.000000,0.000000,0.000000,1.000000,0.000000,0.000000,0.000000,0.000000,0.000000,0.000000,h
3.000000,1.000000,2.000000,1.000000,0.000000,1.000000,3.000000,1.000000,0.000000,2.000000,0.000000,1.000000,2.000000,0.000000,1.000000,1.000000,0.000000,0.000000,1.000000,0.000000,3.000000,1.000000,1.000000,0.000000,0.000000,0.000000,0.000000,0.000000,0.000000,0.000000,0.000000,0.000000,0.000000,0.000000,0.000000,h
1.000000,0.000000,2.000000,1.000000,0.000000,3.000000,3.000000,1.000000,0.000000,0.000000,0.000000,1.000000,2.000000,0.000000,1.000000,0.000000,0.000000,0.000000,0.000000,0.000000,0.000000,0.000000,0.000000,0.000000,0.000000,0.000000,0.000000,0.000000,0.000000,0.000000,0.000000,0.000000,0.000000,0.000000,0.000000,h
4.000000,0.000000,2.000000,1.000000,0.000000,2.000000,3.000000,2.000000,1.000000,1.000000,0.000000,1.000000,2.000000,0.000000,1.000000,0.000000,0.000000,0.000000,1.000000,0.000000,0.000000,3.000000,1.000000,1.000000,0.000000,0.000000,0.000000,0.000000,0.000000,0.000000,0.000000,0.000000,0.000000,0.000000,0.000000,h
2.000000,1.000000,2.000000,1.000000,0.000000,2.000000,3.000000,1.000000,0.000000,2.000000,0.000000,1.000000,2.000000,0.000000,1.000000,0.000000,0.000000,0.000000,0.000000,0.000000,0.000000,0.000000,0.000000,0.000000,0.000000,0.000000,0.000000,0.000000,0.000000,0.000000,0.000000,0.000000,0.000000,0.000000,0.000000,h
2.000000,1.000000,1.000000,1.000000,1.000000,0.000000,0.000000,1.000000,1.000000,0.000000,0.000000,1.000000,2.000000,0.000000,1.000000,0.000000,0.000000,0.000000,0.000000,0.000000,0.000000,0.000000,0.000000,0.000000,0.000000,0.000000,0.000000,0.000000,0.000000,0.000000,0.000000,0.000000,0.000000,0.000000,0.000000,h
3.000000,1.000000,2.000000,1.000000,0.000000,3.000000,1.000000,1.000000,0.000000,2.000000,0.000000,1.000000,2.000000,0.000000,1.000000,0.000000,0.000000,0.000000,1.000000,0.000000,3.000000,1.000000,1.000000,0.000000,0.000000,0.000000,0.000000,0.000000,0.000000,0.000000,0.000000,0.000000,0.000000,0.000000,0.000000,h
3.000000,0.000000,2.000000,1.000000,0.000000,3.000000,3.000000,2.000000,2.000000,0.000000,0.000000,1.000000,2.000000,0.000000,1.000000,0.000000,0.000000,0.000000,1.000000,0.000000,0.000000,3.000000,1.000000,1.000000,0.000000,0.000000,0.000000,0.000000,0.000000,0.000000,0.000000,0.000000,0.000000,0.000000,0.000000,h
2.000000,0.000000,2.000000,1.000000,0.000000,2.000000,2.000000,1.000000,0.000000,1.000000,0.000000,1.000000,2.000000,0.000000,1.000000,0.000000,0.000000,0.000000,1.000000,0.000000,3.000000,1.000000,1.000000,0.000000,0.000000,0.000000,0.000000,0.000000,0.000000,0.000000,0.000000,0.000000,0.000000,0.000000,0.000000,h
3.000000,0.000000,2.000000,1.000000,0.000000,3.000000,1.000000,1.000000,0.000000,0.000000,0.000000,1.000000,2.000000,0.000000,1.000000,1.000000,0.000000,0.000000,0.000000,0.000000,0.000000,0.000000,0.000000,0.000000,0.000000,0.000000,0.000000,0.000000,0.000000,0.000000,0.000000,0.000000,0.000000,0.000000,0.000000,h
3.000000,1.000000,2.000000,1.000000,0.000000,3.000000,1.000000,1.000000,0.000000,2.000000,0.000000,1.000000,2.000000,0.000000,1.000000,1.000000,0.000000,0.000000,1.000000,0.000000,3.000000,1.000000,1.000000,0.000000,0.000000,0.000000,0.000000,0.000000,0.000000,0.000000,0.000000,0.000000,0.000000,0.000000,0.000000,h
2.000000,1.000000,2.000000,1.000000,0.000000,3.000000,3.000000,2.000000,2.000000,2.000000,0.000000,1.000000,2.000000,0.000000,1.000000,1.000000,0.000000,0.000000,0.000000,0.000000,0.000000,0.000000,0.000000,0.000000,0.000000,0.000000,0.000000,0.000000,0.000000,0.000000,0.000000,0.000000,0.000000,0.000000,0.000000,h
5.000000,1.000000,2.000000,1.000000,0.000000,3.000000,3.000000,2.000000,0.000000,2.000000,0.000000,1.000000,2.000000,0.000000,1.000000,0.000000,0.000000,0.000000,1.000000,0.000000,0.000000,3.000000,1.000000,1.000000,0.000000,0.000000,0.000000,0.000000,0.000000,0.000000,0.000000,0.000000,0.000000,0.000000,0.000000,h
5.000000,0.000000,2.000000,1.000000,1.000000,3.000000,3.000000,1.000000,1.000000,0.000000,0.000000,1.000000,2.000000,0.000000,0.000000,1.000000,0.000000,0.000000,0.000000,0.000000,0.000000,0.000000,0.000000,0.000000,0.000000,0.000000,0.000000,0.000000,0.000000,0.000000,0.000000,0.000000,0.000000,0.000000,0.000000,i
4.000000,0.000000,2.000000,2.000000,1.000000,2.000000,3.000000,1.000000,1.000000,1.000000,0.000000,1.000000,2.000000,0.000000,0.000000,1.000000,0.000000,0.000000,0.000000,0.000000,0.000000,0.000000,0.000000,0.000000,0.000000,0.000000,0.000000,0.000000,0.000000,0.000000,0.000000,0.000000,0.000000,0.000000,0.000000,i
2.000000,0.000000,1.000000,1.000000,0.000000,0.000000,0.000000,0.000000,0.000000,0.000000,0.000000,1.000000,1.000000,0.000000,0.000000,0.000000,0.000000,0.000000,0.000000,0.000000,0.000000,0.000000,0.000000,0.000000,0.000000,0.000000,0.000000,0.000000,0.000000,0.000000,0.000000,0.000000,0.000000,0.000000,0.000000,i
3.000000,0.000000,1.000000,1.000000,0.000000,1.000000,2.000000,0.000000,0.000000,0.000000,0.000000,1.000000,1.000000,0.000000,0.000000,1.000000,0.000000,0.000000,0.000000,0.000000,0.000000,0.000000,0.000000,0.000000,0.000000,0.000000,0.000000,0.000000,0.000000,0.000000,0.000000,0.000000,0.000000,0.000000,0.000000,i
3.000000,0.000000,1.000000,1.000000,0.000000,3.000000,2.000000,0.000000,0.000000,0.000000,0.000000,1.000000,1.000000,0.000000,0.000000,1.000000,1.000000,0.000000,0.000000,0.000000,0.000000,0.000000,0.000000,0.000000,0.000000,0.000000,0.000000,0.000000,0.000000,0.000000,0.000000,0.000000,0.000000,0.000000,0.000000,i
3.000000,0.000000,2.000000,1.000000,1.000000,2.000000,1.000000,1.000000,1.000000,0.000000,0.000000,1.000000,2.000000,0.000000,0.000000,1.000000,0.000000,0.000000,0.000000,0.000000,0.000000,0.000000,0.000000,0.000000,0.000000,0.000000,0.000000,0.000000,0.000000,0.000000,0.000000,0.000000,0.000000,0.000000,0.000000,i
3.000000,0.000000,1.000000,1.000000,0.000000,1.000000,0.000000,0.000000,0.000000,1.000000,0.000000,1.000000,1.000000,0.000000,0.000000,1.000000,0.000000,0.000000,0.000000,0.000000,0.000000,0.000000,0.000000,0.000000,0.000000,0.000000,0.000000,0.000000,0.000000,0.000000,0.000000,0.000000,0.000000,0.000000,0.000000,i
4.000000,0.000000,2.000000,1.000000,1.000000,0.000000,3.000000,1.000000,1.000000,1.000000,0.000000,1.000000,2.000000,0.000000,0.000000,1.000000,0.000000,0.000000,0.000000,0.000000,0.000000,0.000000,0.000000,0.000000,0.000000,0.000000,0.000000,0.000000,0.000000,0.000000,0.000000,0.000000,0.000000,0.000000,0.000000,i
2.000000,0.000000,1.000000,1.000000,0.000000,3.000000,1.000000,0.000000,0.000000,0.000000,0.000000,1.000000,1.000000,0.000000,0.000000,1.000000,0.000000,0.000000,0.000000,0.000000,0.000000,0.000000,0.000000,0.000000,0.000000,0.000000,0.000000,0.000000,0.000000,0.000000,0.000000,0.000000,0.000000,0.000000,0.000000,i
4.000000,1.000000,2.000000,2.000000,1.000000,2.000000,1.000000,1.000000,1.000000,2.000000,0.000000,1.000000,2.000000,0.000000,0.000000,1.000000,0.000000,0.000000,0.000000,0.000000,0.000000,0.000000,0.000000,0.000000,0.000000,0.000000,0.000000,0.000000,0.000000,0.000000,0.000000,0.000000,0.000000,0.000000,0.000000,i
2.000000,1.000000,1.000000,2.000000,0.000000,2.000000,2.000000,0.000000,0.000000,2.000000,0.000000,1.000000,1.000000,1.000000,0.000000,0.000000,0.000000,0.000000,0.000000,0.000000,0.000000,0.000000,0.000000,0.000000,0.000000,0.000000,0.000000,0.000000,0.000000,0.000000,0.000000,0.000000,0.000000,0.000000,2.000000,j
3.000000,0.000000,2.000000,0.000000,1.000000,2.000000,3.000000,1.000000,1.000000,1.000000,1.000000,1.000000,2.000000,1.000000,0.000000,1.000000,0.000000,0.000000,0.000000,0.000000,0.000000,0.000000,0.000000,0.000000,0.000000,0.000000,0.000000,0.000000,0.000000,1.000000,1.000000,1.000000,0.000000,0.000000,0.000000,j
2.000000,0.000000,1.000000,0.000000,0.000000,0.000000,0.000000,0.000000,0.000000,0.000000,0.000000,1.000000,1.000000,1.000000,0.000000,0.000000,0.000000,0.000000,0.000000,0.000000,0.000000,0.000000,0.000000,0.000000,0.000000,0.000000,0.000000,0.000000,0.000000,0.000000,0.000000,0.000000,0.000000,0.000000,0.000000,j
4.000000,1.000000,2.000000,1.000000,0.000000,3.000000,0.000000,1.000000,0.000000,2.000000,0.000000,1.000000,1.000000,0.000000,0.000000,1.000000,1.000000,0.000000,0.000000,0.000000,0.000000,0.000000,0.000000,0.000000,0.000000,0.000000,0.000000,0.000000,0.000000,0.000000,0.000000,0.000000,1.000000,0.000000,1.000000,j
3.000000,0.000000,2.000000,1.000000,1.000000,1.000000,1.000000,1.000000,0.000000,1.000000,0.000000,1.000000,1.000000,1.000000,0.000000,1.000000,0.000000,0.000000,0.000000,0.000000,0.000000,0.000000,0.000000,0.000000,0.000000,0.000000,0.000000,0.000000,0.000000,1.000000,1.000000,1.000000,1.000000,0.000000,1.000000,j
3.000000,1.000000,1.000000,0.000000,0.000000,2.000000,0.000000,0.000000,0.000000,2.000000,0.000000,1.000000,2.000000,1.000000,0.000000,0.000000,0.000000,0.000000,0.000000,0.000000,0.000000,0.000000,0.000000,0.000000,0.000000,0.000000,0.000000,0.000000,0.000000,0.000000,0.000000,0.000000,0.000000,0.000000,1.000000,j
3.000000,0.000000,1.000000,1.000000,1.000000,2.000000,3.000000,0.000000,0.000000,1.000000,1.000000,1.000000,1.000000,1.000000,0.000000,1.000000,0.000000,0.000000,0.000000,0.000000,0.000000,0.000000,0.000000,0.000000,0.000000,0.000000,0.000000,0.000000,0.000000,1.000000,1.000000,1.000000,1.000000,0.000000,0.000000,j
3.000000,1.000000,2.000000,1.000000,0.000000,0.000000,2.000000,1.000000,0.000000,2.000000,0.000000,1.000000,1.000000,1.000000,0.000000,1.000000,0.000000,0.000000,0.000000,0.000000,0.000000,0.000000,0.000000,0.000000,0.000000,0.000000,0.000000,0.000000,0.000000,0.000000,0.000000,0.000000,1.000000,0.000000,1.000000,j
4.000000,0.000000,1.000000,1.000000,1.000000,1.000000,3.000000,0.000000,0.000000,1.000000,0.000000,1.000000,1.000000,1.000000,0.000000,1.000000,0.000000,0.000000,0.000000,0.000000,0.000000,0.000000,0.000000,0.000000,0.000000,0.000000,0.000000,0.000000,0.000000,1.000000,1.000000,1.000000,1.000000,0.000000,0.000000,j
5.000000,1.000000,1.000000,1.000000,0.000000,2.000000,0.000000,0.000000,1.000000,2.000000,0.000000,1.000000,1.000000,1.000000,0.000000,1.000000,0.000000,0.000000,0.000000,0.000000,0.000000,0.000000,0.000000,0.000000,0.000000,0.000000,0.000000,0.000000,0.000000,0.000000,0.000000,0.000000,0.000000,0.000000,1.000000,j
6.000000,0.000000,2.000000,0.000000,1.000000,2.000000,2.000000,0.000000,0.000000,0.000000,0.000000,0.000000,0.000000,2.000000,2.000000,0.000000,0.000000,0.000000,1.000000,1.000000,0.000000,3.000000,0.000000,0.000000,0.000000,0.000000,0.000000,1.000000,1.000000,1.000000,0.000000,1.000000,0.000000,0.000000,0.000000,k
6.000000,0.000000,2.000000,0.000000,0.000000,2.000000,2.000000,0.000000,1.000000,1.000000,0.000000,1.000000,2.000000,0.000000,0.000000,0.000000,0.000000,0.000000,1.000000,0.000000,0.000000,3.000000,0.000000,0.000000,0.000000,0.000000,0.000000,1.000000,1.000000,1.000000,0.000000,1.000000,0.000000,0.000000,0.000000,k
4.000000,0.000000,2.000000,1.000000,1.000000,1.000000,1.000000,0.000000,1.000000,2.000000,0.000000,0.000000,0.000000,2.000000,2.000000,0.000000,0.000000,0.000000,0.000000,0.000000,0.000000,3.000000,0.000000,0.000000,0.000000,0.000000,0.000000,0.000000,0.000000,1.000000,0.000000,1.000000,0.000000,0.000000,0.000000,k
4.000000,0.000000,2.000000,1.000000,1.000000,0.000000,0.000000,0.000000,0.000000,1.000000,0.000000,1.000000,2.000000,0.000000,0.000000,0.000000,0.000000,0.000000,0.000000,1.000000,0.000000,3.000000,0.000000,0.000000,0.000000,0.000000,0.000000,0.000000,0.000000,1.000000,0.000000,1.000000,0.000000,0.000000,0.000000,k
4.000000,0.000000,2.000000,0.000000,0.000000,0.000000,0.000000,0.000000,0.000000,2.000000,0.000000,1.000000,2.000000,0.000000,0.000000,0.000000,0.000000,0.000000,0.000000,0.000000,0.000000,3.000000,0.000000,0.000000,0.000000,0.000000,0.000000,0.000000,0.000000,1.000000,0.000000,1.000000,0.000000,0.000000,0.000000,k
6.000000,0.000000,2.000000,2.000000,0.000000,2.000000,2.000000,0.000000,0.000000,1.000000,0.000000,1.000000,2.000000,0.000000,0.000000,0.000000,0.000000,0.000000,1.000000,0.000000,0.000000,3.000000,0.000000,0.000000,0.000000,0.000000,0.000000,1.000000,1.000000,1.000000,0.000000,1.000000,0.000000,0.000000,0.000000,k
3.000000,0.000000,2.000000,0.000000,1.000000,0.000000,0.000000,0.000000,0.000000,1.000000,0.000000,0.000000,0.000000,2.000000,2.000000,0.000000,0.000000,0.000000,0.000000,1.000000,0.000000,3.000000,0.000000,0.000000,0.000000,0.000000,0.000000,0.000000,0.000000,1.000000,0.000000,1.000000,0.000000,0.000000,0.000000,k
3.000000,0.000000,2.000000,1.000000,1.000000,3.000000,3.000000,0.000000,1.000000,1.000000,0.000000,0.000000,0.000000,2.000000,2.000000,0.000000,0.000000,0.000000,0.000000,0.000000,0.000000,3.000000,0.000000,0.000000,0.000000,0.000000,0.000000,0.000000,0.000000,1.000000,0.000000,1.000000,0.000000,0.000000,0.000000,k
5.000000,0.000000,2.000000,1.000000,0.000000,1.000000,1.000000,0.000000,0.000000,0.000000,0.000000,1.000000,2.000000,0.000000,0.000000,0.000000,0.000000,0.000000,1.000000,0.000000,0.000000,3.000000,0.000000,0.000000,0.000000,0.000000,0.000000,1.000000,1.000000,1.000000,0.000000,1.000000,0.000000,0.000000,0.000000,k
4.000000,0.000000,2.000000,1.000000,0.000000,0.000000,0.000000,0.000000,1.000000,1.000000,0.000000,0.000000,0.000000,2.000000,2.000000,0.000000,0.000000,0.000000,1.000000,0.000000,0.000000,3.000000,0.000000,0.000000,0.000000,0.000000,0.000000,0.000000,0.000000,1.000000,0.000000,1.000000,0.000000,0.000000,0.000000,k
5.000000,1.000000,2.000000,1.000000,0.000000,3.000000,3.000000,1.000000,1.000000,0.000000,0.000000,0.000000,0.000000,2.000000,2.000000,0.000000,0.000000,0.000000,1.000000,0.000000,3.000000,2.000000,0.000000,0.000000,0.000000,0.000000,0.000000,1.000000,2.000000,0.000000,0.000000,0.000000,0.000000,0.000000,0.000000,l
5.000000,1.000000,2.000000,2.000000,1.000000,2.000000,2.000000,0.000000,1.000000,2.000000,0.000000,1.000000,0.000000,2.000000,2.000000,0.000000,0.000000,0.000000,1.000000,0.000000,3.000000,1.000000,1.000000,1.000000,0.000000,0.000000,0.000000,1.000000,2.000000,1.000000,1.000000,1.000000,0.000000,1.000000,0.000000,l
6.000000,0.000000,2.000000,1.000000,0.000000,1.000000,1.000000,1.000000,1.000000,1.000000,0.000000,0.000000,0.000000,2.000000,2.000000,0.000000,0.000000,0.000000,1.000000,0.000000,3.000000,2.000000,1.000000,0.000000,0.000000,0.000000,0.000000,1.000000,2.000000,1.000000,1.000000,0.000000,1.000000,1.000000,0.000000,l
2.000000,1.000000,2.000000,2.000000,1.000000,0.000000,0.000000,1.000000,0.000000,0.000000,1.000000,1.000000,0.000000,2.000000,2.000000,0.000000,0.000000,0.000000,1.000000,0.000000,2.000000,1.000000,0.000000,1.000000,0.000000,0.000000,0.000000,0.000000,0.000000,0.000000,0.000000,0.000000,0.000000,0.000000,0.000000,l
3.000000,0.000000,2.000000,1.000000,0.000000,3.000000,3.000000,1.000000,0.000000,0.000000,1.000000,1.000000,0.000000,2.000000,2.000000,0.000000,0.000000,0.000000,1.000000,0.000000,3.000000,2.000000,1.000000,1.000000,0.000000,0.000000,0.000000,1.000000,2.000000,1.000000,1.000000,1.000000,0.000000,0.000000,0.000000,l
4.000000,1.000000,2.000000,2.000000,1.000000,2.000000,2.000000,1.000000,0.000000,1.000000,1.000000,1.000000,0.000000,2.000000,2.000000,0.000000,0.000000,0.000000,1.000000,0.000000,3.000000,1.000000,1.000000,1.000000,0.000000,0.000000,0.000000,1.000000,2.000000,0.000000,0.000000,0.000000,0.000000,0.000000,0.000000,l
6.000000,0.000000,2.000000,1.000000,0.000000,2.000000,2.000000,1.000000,0.000000,1.000000,0.000000,0.000000,0.000000,2.000000,2.000000,0.000000,0.000000,0.000000,1.000000,0.000000,3.000000,2.000000,1.000000,0.000000,0.000000,0.000000,0.000000,1.000000,2.000000,1.000000,1.000000,0.000000,1.000000,1.000000,0.000000,l
1.000000,0.000000,2.000000,1.000000,0.000000,1.000000,1.000000,1.000000,1.000000,1.000000,1.000000,1.000000,0.000000,2.000000,2.000000,0.000000,0.000000,0.000000,1.000000,0.000000,2.000000,2.000000,0.000000,1.000000,0.000000,0.000000,0.000000,0.000000,0.000000,1.000000,0.000000,1.000000,0.000000,0.000000,0.000000,l
6.000000,1.000000,2.000000,1.000000,0.000000,2.000000,2.000000,1.000000,1.000000,1.000000,0.000000,0.000000,0.000000,2.000000,2.000000,0.000000,0.000000,0.000000,1.000000,0.000000,3.000000,2.000000,1.000000,0.000000,0.000000,0.000000,0.000000,1.000000,2.000000,1.000000,1.000000,0.000000,1.000000,1.000000,0.000000,l
5.000000,0.000000,2.000000,1.000000,0.000000,1.000000,1.000000,1.000000,2.000000,2.000000,1.000000,1.000000,0.000000,2.000000,2.000000,0.000000,0.000000,0.000000,1.000000,0.000000,3.000000,2.000000,1.000000,1.000000,0.000000,0.000000,0.000000,1.000000,2.000000,1.000000,1.000000,1.000000,0.000000,0.000000,0.000000,l
5.000000,1.000000,2.000000,2.000000,1.000000,3.000000,3.000000,0.000000,1.000000,2.000000,1.000000,1.000000,0.000000,2.000000,2.000000,0.000000,0.000000,0.000000,1.000000,1.000000,3.000000,2.000000,1.000000,1.000000,0.000000,0.000000,0.000000,1.000000,2.000000,0.000000,0.000000,0.000000,0.000000,0.000000,0.000000,l
0.000000,0.000000,2.000000,1.000000,0.000000,3.000000,3.000000,1.000000,1.000000,2.000000,1.000000,1.000000,0.000000,2.000000,2.000000,0.000000,0.000000,0.000000,1.000000,0.000000,2.000000,2.000000,0.000000,1.000000,0.000000,0.000000,0.000000,0.000000,0.000000,1.000000,1.000000,0.000000,1.000000,0.000000,0.000000,l
6.000000,0.000000,2.000000,1.000000,0.000000,2.000000,2.000000,0.000000,0.000000,0.000000,1.000000,1.000000,0.000000,2.000000,2.000000,0.000000,0.000000,0.000000,1.000000,0.000000,3.000000,1.000000,1.000000,1.000000,0.000000,0.000000,0.000000,1.000000,2.000000,1.000000,0.000000,1.000000,1.000000,1.000000,0.000000,l
5.000000,1.000000,2.000000,1.000000,0.000000,1.000000,1.000000,1.000000,0.000000,1.000000,0.000000,0.000000,0.000000,2.000000,2.000000,0.000000,0.000000,0.000000,1.000000,0.000000,3.000000,2.000000,0.000000,0.000000,0.000000,0.000000,0.000000,1.000000,2.000000,1.000000,1.000000,0.000000,1.000000,1.000000,0.000000,l
5.000000,0.000000,2.000000,1.000000,0.000000,2.000000,2.000000,1.000000,0.000000,2.000000,0.000000,0.000000,0.000000,2.000000,2.000000,0.000000,0.000000,0.000000,1.000000,0.000000,3.000000,2.000000,1.000000,0.000000,0.000000,0.000000,0.000000,1.000000,2.000000,0.000000,0.000000,0.000000,0.000000,0.000000,0.000000,l
6.000000,1.000000,2.000000,2.000000,1.000000,0.000000,0.000000,1.000000,0.000000,1.000000,0.000000,1.000000,0.000000,2.000000,2.000000,0.000000,0.000000,0.000000,1.000000,0.000000,3.000000,1.000000,1.000000,1.000000,0.000000,0.000000,0.000000,1.000000,2.000000,0.000000,0.000000,0.000000,0.000000,0.000000,0.000000,l
5.000000,0.000000,2.000000,1.000000,0.000000,1.000000,1.000000,1.000000,0.000000,0.000000,0.000000,0.000000,0.000000,2.000000,2.000000,0.000000,0.000000,0.000000,1.000000,0.000000,3.000000,2.000000,1.000000,0.000000,0.000000,0.000000,0.000000,1.000000,2.000000,1.000000,1.000000,0.000000,1.000000,1.000000,0.000000,l
6.000000,1.000000,2.000000,2.000000,1.000000,3.000000,3.000000,0.000000,2.000000,1.000000,0.000000,1.000000,0.000000,2.000000,2.000000,0.000000,0.000000,0.000000,1.000000,1.000000,3.000000,2.000000,1.000000,1.000000,0.000000,0.000000,0.000000,1.000000,2.000000,0.000000,0.000000,0.000000,0.000000,0.000000,0.000000,l
5.000000,1.000000,2.000000,1.000000,0.000000,3.000000,3.000000,1.000000,0.000000,1.000000,0.000000,0.000000,0.000000,2.000000,2.000000,0.000000,0.000000,0.000000,1.000000,0.000000,3.000000,2.000000,0.000000,0.000000,0.000000,0.000000,0.000000,1.000000,2.000000,1.000000,1.000000,0.000000,1.000000,1.000000,0.000000,l
5.000000,1.000000,2.000000,1.000000,0.000000,2.000000,2.000000,1.000000,1.000000,1.000000,0.000000,0.000000,0.000000,2.000000,2.000000,0.000000,0.000000,0.000000,1.000000,0.000000,3.000000,2.000000,0.000000,0.000000,0.000000,0.000000,0.000000,1.000000,2.000000,1.000000,1.000000,0.000000,1.000000,1.000000,0.000000,l
3.000000,1.000000,1.000000,1.000000,0.000000,0.000000,2.000000,0.000000,0.000000,2.000000,0.000000,1.000000,2.000000,0.000000,1.000000,0.000000,0.000000,0.000000,0.000000,0.000000,0.000000,0.000000,0.000000,0.000000,0.000000,0.000000,0.000000,0.000000,0.000000,0.000000,0.000000,0.000000,0.000000,0.000000,0.000000,m
3.000000,0.000000,0.000000,1.000000,1.000000,0.000000,2.000000,0.000000,0.000000,1.000000,0.000000,1.000000,2.000000,0.000000,1.000000,0.000000,1.000000,0.000000,0.000000,0.000000,0.000000,0.000000,0.000000,0.000000,0.000000,0.000000,0.000000,0.000000,0.000000,0.000000,0.000000,0.000000,0.000000,0.000000,0.000000,m
3.000000,1.000000,1.000000,1.000000,0.000000,0.000000,0.000000,0.000000,0.000000,0.000000,0.000000,1.000000,2.000000,0.000000,1.000000,0.000000,0.000000,0.000000,0.000000,0.000000,0.000000,0.000000,0.000000,0.000000,0.000000,0.000000,0.000000,0.000000,0.000000,0.000000,0.000000,0.000000,0.000000,0.000000,0.000000,m
3.000000,0.000000,0.000000,1.000000,1.000000,2.000000,0.000000,0.000000,0.000000,0.000000,0.000000,1.000000,2.000000,0.000000,1.000000,0.000000,0.000000,0.000000,0.000000,0.000000,0.000000,0.000000,0.000000,0.000000,0.000000,0.000000,0.000000,0.000000,0.000000,0.000000,0.000000,0.000000,0.000000,0.000000,0.000000,m
3.000000,1.000000,1.000000,2.000000,0.000000,3.000000,2.000000,0.000000,1.000000,1.000000,0.000000,1.000000,2.000000,0.000000,1.000000,1.000000,1.000000,0.000000,0.000000,0.000000,0.000000,0.000000,0.000000,0.000000,0.000000,0.000000,0.000000,0.000000,0.000000,0.000000,0.000000,0.000000,0.000000,0.000000,0.000000,m
2.000000,0.000000,0.000000,1.000000,1.000000,0.000000,3.000000,0.000000,2.000000,2.000000,0.000000,1.000000,2.000000,0.000000,1.000000,0.000000,0.000000,0.000000,0.000000,0.000000,0.000000,0.000000,0.000000,0.000000,0.000000,0.000000,0.000000,0.000000,0.000000,0.000000,0.000000,0.000000,0.000000,0.000000,0.000000,m
1.000000,0.000000,0.000000,2.000000,1.000000,3.000000,2.000000,1.000000,1.000000,1.000000,0.000000,1.000000,2.000000,0.000000,1.000000,1.000000,1.000000,0.000000,0.000000,0.000000,0.000000,0.000000,0.000000,0.000000,0.000000,0.000000,0.000000,0.000000,0.000000,0.000000,0.000000,0.000000,0.000000,0.000000,0.000000,m
2.000000,1.000000,1.000000,1.000000,0.000000,2.000000,2.000000,1.000000,1.000000,1.000000,0.000000,1.000000,2.000000,0.000000,1.000000,0.000000,1.000000,0.000000,0.000000,0.000000,0.000000,0.000000,0.000000,0.000000,0.000000,0.000000,0.000000,0.000000,0.000000,0.000000,0.000000,0.000000,0.000000,0.000000,0.000000,m
2.000000,0.000000,0.000000,2.000000,1.000000,3.000000,0.000000,1.000000,1.000000,0.000000,1.000000,1.000000,2.000000,0.000000,1.000000,1.000000,0.000000,0.000000,0.000000,0.000000,0.000000,0.000000,0.000000,0.000000,0.000000,0.000000,0.000000,0.000000,0.000000,0.000000,0.000000,0.000000,0.000000,0.000000,0.000000,m
2.000000,1.000000,1.000000,2.000000,0.000000,3.000000,3.000000,0.000000,2.000000,2.000000,0.000000,1.000000,2.000000,0.000000,1.000000,1.000000,0.000000,0.000000,0.000000,0.000000,0.000000,0.000000,0.000000,0.000000,0.000000,0.000000,0.000000,0.000000,0.000000,0.000000,0.000000,0.000000,0.000000,0.000000,0.000000,m
4.000000,1.000000,2.000000,1.000000,0.000000,1.000000,1.000000,1.000000,1.000000,2.000000,0.000000,1.000000,2.000000,0.000000,1.000000,0.000000,0.000000,0.000000,0.000000,0.000000,0.000000,0.000000,0.000000,0.000000,0.000000,0.000000,0.000000,0.000000,0.000000,0.000000,0.000000,0.000000,0.000000,0.000000,0.000000,n
4.000000,0.000000,1.000000,1.000000,0.000000,3.000000,3.000000,1.000000,0.000000,1.000000,0.000000,1.000000,2.000000,0.000000,1.000000,0.000000,0.000000,0.000000,0.000000,0.000000,0.000000,0.000000,0.000000,0.000000,0.000000,0.000000,0.000000,0.000000,0.000000,0.000000,0.000000,0.000000,0.000000,0.000000,0.000000,n
3.000000,0.000000,2.000000,1.000000,0.000000,0.000000,0.000000,1.000000,0.000000,1.000000,0.000000,1.000000,2.000000,0.000000,1.000000,0.000000,0.000000,0.000000,0.000000,0.000000,0.000000,0.000000,0.000000,0.000000,0.000000,0.000000,0.000000,0.000000,0.000000,0.000000,0.000000,0.000000,0.000000,0.000000,0.000000,n
6.000000,0.000000,2.000000,2.000000,0.000000,3.000000,3.000000,0.000000,1.000000,1.000000,0.000000,1.000000,2.000000,0.000000,1.000000,0.000000,0.000000,0.000000,0.000000,0.000000,0.000000,0.000000,0.000000,0.000000,0.000000,0.000000,0.000000,0.000000,0.000000,0.000000,0.000000,0.000000,0.000000,0.000000,0.000000,n
6.000000,0.000000,1.000000,1.000000,1.000000,2.000000,2.000000,0.000000,2.000000,2.000000,0.000000,1.000000,2.000000,0.000000,1.000000,0.000000,0.000000,0.000000,0.000000,0.000000,0.000000,0.000000,0.000000,0.000000,0.000000,0.000000,0.000000,0.000000,0.000000,1.000000,0.000000,1.000000,0.000000,0.000000,0.000000,n
5.000000,0.000000,2.000000,2.000000,0.000000,3.000000,3.000000,1.000000,0.000000,1.000000,0.000000,1.000000,2.000000,0.000000,1.000000,0.000000,0.000000,0.000000,0.000000,0.000000,0.000000,0.000000,0.000000,0.000000,0.000000,0.000000,0.000000,0.000000,0.000000,0.000000,0.000000,0.000000,0.000000,0.000000,0.000000,n
6.000000,0.000000,1.000000,1.000000,0.000000,3.000000,3.000000,0.000000,1.000000,1.000000,0.000000,1.000000,2.000000,0.000000,1.000000,0.000000,0.000000,0.000000,0.000000,0.000000,0.000000,0.000000,0.000000,0.000000,0.000000,0.000000,0.000000,0.000000,0.000000,0.000000,0.000000,0.000000,0.000000,0.000000,0.000000,n
5.000000,1.000000,2.000000,2.000000,0.000000,3.000000,1.000000,0.000000,0.000000,2.000000,0.000000,1.000000,2.000000,0.000000,1.000000,0.000000,0.000000,0.000000,0.000000,0.000000,0.000000,0.000000,0.000000,0.000000,0.000000,0.000000,0.000000,0.000000,0.000000,0.000000,0.000000,0.000000,0.000000,0.000000,0.000000,n
6.000000,0.000000,2.000000,2.000000,0.000000,3.000000,3.000000,0.000000,1.000000,1.000000,0.000000,1.000000,2.000000,0.000000,1.000000,0.000000,0.000000,0.000000,0.000000,0.000000,0.000000,0.000000,0.000000,0.000000,0.000000,0.000000,0.000000,0.000000,0.000000,0.000000,0.000000,0.000000,0.000000,0.000000,0.000000,n
6.000000,0.000000,2.000000,2.000000,0.000000,3.000000,2.000000,1.000000,1.000000,0.000000,0.000000,1.000000,2.000000,0.000000,1.000000,0.000000,0.000000,0.000000,0.000000,0.000000,0.000000,0.000000,0.000000,0.000000,0.000000,0.000000,0.000000,0.000000,0.000000,0.000000,0.000000,0.000000,0.000000,0.000000,0.000000,n
5.000000,0.000000,2.000000,2.000000,0.000000,2.000000,3.000000,0.000000,0.000000,1.000000,0.000000,1.000000,2.000000,0.000000,1.000000,0.000000,0.000000,0.000000,0.000000,0.000000,0.000000,0.000000,0.000000,0.000000,0.000000,0.000000,0.000000,0.000000,0.000000,0.000000,0.000000,0.000000,0.000000,0.000000,0.000000,n
4.000000,1.000000,2.000000,1.000000,0.000000,3.000000,0.000000,1.000000,1.000000,2.000000,0.000000,1.000000,2.000000,0.000000,1.000000,0.000000,0.000000,0.000000,0.000000,0.000000,0.000000,0.000000,0.000000,0.000000,0.000000,0.000000,0.000000,0.000000,0.000000,0.000000,0.000000,0.000000,0.000000,0.000000,0.000000,n
6.000000,0.000000,2.000000,1.000000,0.000000,1.000000,1.000000,0.000000,1.000000,0.000000,0.000000,1.000000,2.000000,0.000000,1.000000,1.000000,0.000000,0.000000,0.000000,0.000000,0.000000,0.000000,0.000000,0.000000,0.000000,0.000000,0.000000,0.000000,0.000000,0.000000,0.000000,0.000000,0.000000,0.000000,0.000000,n
5.000000,0.000000,2.000000,2.000000,0.000000,2.000000,2.000000,1.000000,0.000000,0.000000,0.000000,1.000000,2.000000,0.000000,1.000000,0.000000,0.000000,0.000000,0.000000,0.000000,0.000000,0.000000,0.000000,0.000000,0.000000,0.000000,0.000000,0.000000,0.000000,0.000000,0.000000,0.000000,0.000000,0.000000,0.000000,n
5.000000,1.000000,2.000000,1.000000,0.000000,0.000000,0.000000,0.000000,0.000000,2.000000,0.000000,1.000000,2.000000,0.000000,1.000000,0.000000,0.000000,0.000000,0.000000,0.000000,0.000000,0.000000,0.000000,0.000000,0.000000,0.000000,0.000000,0.000000,0.000000,0.000000,0.000000,0.000000,0.000000,0.000000,0.000000,n
4.000000,0.000000,2.000000,1.000000,0.000000,2.000000,2.000000,0.000000,0.000000,1.000000,0.000000,1.000000,2.000000,0.000000,1.000000,0.000000,0.000000,0.000000,0.000000,0.000000,0.000000,0.000000,0.000000,0.000000,0.000000,0.000000,0.000000,0.000000,0.000000,0.000000,0.000000,0.000000,0.000000,0.000000,0.000000,n
4.000000,0.000000,2.000000,1.000000,0.000000,1.000000,1.000000,1.000000,1.000000,1.000000,0.000000,1.000000,2.000000,0.000000,1.000000,1.000000,0.000000,0.000000,0.000000,0.000000,0.000000,0.000000,0.000000,0.000000,0.000000,0.000000,0.000000,0.000000,0.000000,0.000000,0.000000,0.000000,0.000000,0.000000,0.000000,n
5.000000,0.000000,2.000000,1.000000,0.000000,2.000000,1.000000,0.000000,0.000000,0.000000,0.000000,1.000000,2.000000,0.000000,1.000000,0.000000,0.000000,0.000000,0.000000,0.000000,0.000000,0.000000,0.000000,0.000000,0.000000,0.000000,0.000000,0.000000,0.000000,0.000000,0.000000,0.000000,0.000000,0.000000,0.000000,n
6.000000,0.000000,2.000000,2.000000,0.000000,3.000000,2.000000,0.000000,1.000000,0.000000,0.000000,1.000000,2.000000,0.000000,1.000000,0.000000,0.000000,0.000000,0.000000,0.000000,0.000000,0.000000,0.000000,0.000000,0.000000,0.000000,0.000000,0.000000,0.000000,0.000000,0.000000,0.000000,0.000000,0.000000,0.000000,n
6.000000,1.000000,2.000000,2.000000,0.000000,1.000000,1.000000,0.000000,1.000000,2.000000,0.000000,1.000000,2.000000,0.000000,1.000000,0.000000,0.000000,0.000000,0.000000,0.000000,0.000000,0.000000,0.000000,0.000000,0.000000,0.000000,0.000000,0.000000,0.000000,0.000000,0.000000,0.000000,0.000000,0.000000,0.000000,n
5.000000,1.000000,2.000000,2.000000,0.000000,3.000000,1.000000,1.000000,0.000000,2.000000,0.000000,1.000000,2.000000,0.000000,1.000000,0.000000,0.000000,0.000000,0.000000,0.000000,0.000000,0.000000,0.000000,0.000000,0.000000,0.000000,0.000000,0.000000,0.000000,0.000000,0.000000,0.000000,0.000000,0.000000,0.000000,n
5.000000,1.000000,2.000000,2.000000,0.000000,3.000000,3.000000,1.000000,1.000000,1.000000,0.000000,1.000000,2.000000,0.000000,1.000000,0.000000,0.000000,0.000000,0.000000,0.000000,0.000000,0.000000,0.000000,0.000000,0.000000,0.000000,0.000000,0.000000,0.000000,0.000000,0.000000,0.000000,0.000000,0.000000,0.000000,n
4.000000,1.000000,2.000000,1.000000,0.000000,2.000000,1.000000,0.000000,0.000000,2.000000,0.000000,1.000000,2.000000,0.000000,1.000000,1.000000,0.000000,0.000000,0.000000,0.000000,0.000000,0.000000,0.000000,0.000000,0.000000,0.000000,0.000000,0.000000,0.000000,0.000000,0.000000,0.000000,0.000000,0.000000,0.000000,n
6.000000,1.000000,1.000000,2.000000,0.000000,2.000000,2.000000,0.000000,2.000000,0.000000,0.000000,1.000000,2.000000,0.000000,1.000000,0.000000,0.000000,0.000000,0.000000,0.000000,0.000000,0.000000,0.000000,0.000000,0.000000,0.000000,0.000000,0.000000,0.000000,1.000000,0.000000,1.000000,0.000000,0.000000,0.000000,n
4.000000,1.000000,2.000000,1.000000,0.000000,1.000000,2.000000,1.000000,1.000000,2.000000,0.000000,1.000000,2.000000,0.000000,1.000000,0.000000,0.000000,0.000000,0.000000,0.000000,0.000000,0.000000,0.000000,0.000000,0.000000,0.000000,0.000000,0.000000,0.000000,0.000000,0.000000,0.000000,0.000000,0.000000,0.000000,n
6.000000,1.000000,2.000000,2.000000,0.000000,2.000000,1.000000,0.000000,1.000000,2.000000,0.000000,1.000000,2.000000,0.000000,1.000000,0.000000,0.000000,0.000000,0.000000,0.000000,0.000000,0.000000,0.000000,0.000000,0.000000,0.000000,0.000000,0.000000,0.000000,0.000000,0.000000,0.000000,0.000000,0.000000,0.000000,n
4.000000,1.000000,2.000000,1.000000,0.000000,0.000000,3.000000,0.000000,0.000000,2.000000,0.000000,1.000000,2.000000,0.000000,1.000000,0.000000,0.000000,0.000000,0.000000,0.000000,0.000000,0.000000,0.000000,0.000000,0.000000,0.000000,0.000000,0.000000,0.000000,0.000000,0.000000,0.000000,0.000000,0.000000,0.000000,n
4.000000,0.000000,2.000000,2.000000,0.000000,3.000000,3.000000,1.000000,0.000000,0.000000,0.000000,1.000000,2.000000,0.000000,1.000000,0.000000,0.000000,0.000000,0.000000,0.000000,0.000000,0.000000,0.000000,0.000000,0.000000,0.000000,0.000000,0.000000,0.000000,0.000000,0.000000,0.000000,0.000000,0.000000,0.000000,n
5.000000,0.000000,2.000000,2.000000,0.000000,2.000000,3.000000,1.000000,0.000000,1.000000,0.000000,1.000000,2.000000,0.000000,1.000000,0.000000,0.000000,0.000000,0.000000,0.000000,0.000000,0.000000,0.000000,0.000000,0.000000,0.000000,0.000000,0.000000,0.000000,0.000000,0.000000,0.000000,0.000000,0.000000,0.000000,n
3.000000,0.000000,2.000000,1.000000,0.000000,0.000000,0.000000,1.000000,0.000000,0.000000,0.000000,1.000000,2.000000,0.000000,1.000000,0.000000,0.000000,0.000000,0.000000,0.000000,0.000000,0.000000,0.000000,0.000000,0.000000,0.000000,0.000000,0.000000,0.000000,0.000000,0.000000,0.000000,0.000000,0.000000,0.000000,n
5.000000,0.000000,2.000000,1.000000,0.000000,1.000000,2.000000,0.000000,1.000000,0.000000,0.000000,1.000000,2.000000,0.000000,1.000000,1.000000,0.000000,0.000000,0.000000,0.000000,0.000000,0.000000,0.000000,0.000000,0.000000,0.000000,0.000000,0.000000,0.000000,0.000000,0.000000,0.000000,0.000000,0.000000,0.000000,n
5.000000,0.000000,2.000000,2.000000,0.000000,1.000000,1.000000,0.000000,1.000000,1.000000,0.000000,1.000000,2.000000,0.000000,1.000000,0.000000,0.000000,0.000000,0.000000,0.000000,0.000000,0.000000,0.000000,0.000000,0.000000,0.000000,0.000000,0.000000,0.000000,0.000000,0.000000,0.000000,0.000000,0.000000,0.000000,n
4.000000,0.000000,2.000000,2.000000,0.000000,1.000000,1.000000,1.000000,0.000000,2.000000,0.000000,1.000000,2.000000,0.000000,1.000000,0.000000,0.000000,0.000000,0.000000,0.000000,0.000000,0.000000,0.000000,0.000000,0.000000,0.000000,0.000000,0.000000,0.000000,0.000000,0.000000,0.000000,0.000000,0.000000,0.000000,n
5.000000,1.000000,2.000000,1.000000,0.000000,3.000000,3.000000,0.000000,1.000000,2.000000,0.000000,1.000000,2.000000,0.000000,1.000000,1.000000,0.000000,0.000000,0.000000,0.000000,0.000000,0.000000,0.000000,0.000000,0.000000,0.000000,0.000000,0.000000,0.000000,0.000000,0.000000,0.000000,0.000000,0.000000,0.000000,n
6.000000,0.000000,2.000000,1.000000,0.000000,2.000000,1.000000,0.000000,0.000000,1.000000,0.000000,1.000000,2.000000,0.000000,1.000000,1.000000,0.000000,0.000000,0.000000,0.000000,0.000000,0.000000,0.000000,0.000000,0.000000,0.000000,0.000000,0.000000,0.000000,0.000000,0.000000,0.000000,0.000000,0.000000,0.000000,n
5.000000,0.000000,2.000000,1.000000,0.000000,0.000000,3.000000,0.000000,0.000000,0.000000,0.000000,1.000000,2.000000,0.000000,1.000000,0.000000,0.000000,0.000000,0.000000,0.000000,0.000000,0.000000,0.000000,0.000000,0.000000,0.000000,0.000000,0.000000,0.000000,0.000000,0.000000,0.000000,0.000000,0.000000,0.000000,n
6.000000,0.000000,2.000000,1.000000,0.000000,0.000000,3.000000,0.000000,0.000000,1.000000,0.000000,1.000000,2.000000,0.000000,1.000000,0.000000,0.000000,0.000000,0.000000,0.000000,0.000000,0.000000,0.000000,0.000000,0.000000,0.000000,0.000000,0.000000,0.000000,0.000000,0.000000,0.000000,0.000000,0.000000,0.000000,n
5.000000,1.000000,2.000000,2.000000,0.000000,2.000000,1.000000,1.000000,0.000000,2.000000,0.000000,1.000000,2.000000,0.000000,1.000000,0.000000,0.000000,0.000000,0.000000,0.000000,0.000000,0.000000,0.000000,0.000000,0.000000,0.000000,0.000000,0.000000,0.000000,0.000000,0.000000,0.000000,0.000000,0.000000,0.000000,n
5.000000,0.000000,2.000000,1.000000,0.000000,3.000000,0.000000,0.000000,1.000000,0.000000,0.000000,1.000000,2.000000,0.000000,1.000000,1.000000,0.000000,0.000000,0.000000,0.000000,0.000000,0.000000,0.000000,0.000000,0.000000,0.000000,0.000000,0.000000,0.000000,0.000000,0.000000,0.000000,0.000000,0.000000,0.000000,n
6.000000,0.000000,2.000000,1.000000,0.000000,1.000000,2.000000,0.000000,1.000000,1.000000,0.000000,1.000000,2.000000,0.000000,1.000000,1.000000,0.000000,0.000000,0.000000,0.000000,0.000000,0.000000,0.000000,0.000000,0.000000,0.000000,0.000000,0.000000,0.000000,0.000000,0.000000,0.000000,0.000000,0.000000,0.000000,n
6.000000,0.000000,1.000000,2.000000,0.000000,3.000000,3.000000,0.000000,0.000000,0.000000,0.000000,1.000000,2.000000,0.000000,1.000000,0.000000,0.000000,0.000000,1.000000,0.000000,3.000000,2.000000,1.000000,1.000000,0.000000,0.000000,0.000000,1.000000,2.000000,1.000000,0.000000,0.000000,0.000000,0.000000,0.000000,o
4.000000,0.000000,1.000000,2.000000,0.000000,1.000000,1.000000,0.000000,1.000000,1.000000,0.000000,1.000000,2.000000,0.000000,1.000000,0.000000,0.000000,0.000000,0.000000,0.000000,0.000000,0.000000,0.000000,0.000000,0.000000,0.000000,0.000000,0.000000,0.000000,0.000000,0.000000,0.000000,0.000000,0.000000,0.000000,o
5.000000,0.000000,1.000000,1.000000,0.000000,2.000000,1.000000,0.000000,0.000000,0.000000,0.000000,1.000000,2.000000,0.000000,1.000000,0.000000,0.000000,0.000000,1.000000,0.000000,3.000000,1.000000,0.000000,1.000000,0.000000,0.000000,0.000000,0.000000,0.000000,0.000000,0.000000,0.000000,0.000000,0.000000,0.000000,o
5.000000,1.000000,2.000000,1.000000,0.000000,3.000000,2.000000,0.000000,0.000000,2.000000,0.000000,1.000000,2.000000,0.000000,1.000000,0.000000,0.000000,0.000000,0.000000,0.000000,0.000000,0.000000,0.000000,0.000000,0.000000,0.000000,0.000000,0.000000,0.000000,0.000000,0.000000,0.000000,0.000000,0.000000,0.000000,o
6.000000,1.000000,2.000000,2.000000,0.000000,3.000000,3.000000,0.000000,1.000000,2.000000,0.000000,1.000000,2.000000,0.000000,1.000000,0.000000,0.000000,0.000000,1.000000,0.000000,3.000000,2.000000,0.000000,1.000000,0.000000,0.000000,0.000000,1.000000,1.000000,0.000000,0.000000,0.000000,0.000000,0.000000,0.000000,o
4.000000,0.000000,1.000000,1.000000,0.000000,3.000000,3.000000,1.000000,1.000000,0.000000,0.000000,1.000000,2.000000,0.000000,1.000000,0.000000,0.000000,0.000000,0.000000,0.000000,0.000000,0.000000,0.000000,0.000000,0.000000,0.000000,0.000000,0.000000,0.000000,0.000000,0.000000,0.000000,0.000000,0.000000,0.000000,o
3.000000,0.000000,2.000000,1.000000,0.000000,2.000000,3.000000,0.000000,1.000000,1.000000,0.000000,1.000000,2.000000,0.000000,1.000000,0.000000,0.000000,0.000000,1.000000,0.000000,3.000000,2.000000,0.000000,1.000000,0.000000,0.000000,0.000000,1.000000,1.000000,0.000000,0.000000,0.000000,0.000000,0.000000,0.000000,o
5.000000,0.000000,2.000000,2.000000,0.000000,2.000000,2.000000,0.000000,0.000000,1.000000,0.000000,1.000000,2.000000,0.000000,1.000000,0.000000,0.000000,0.000000,1.000000,0.000000,3.000000,2.000000,0.000000,1.000000,0.000000,0.000000,0.000000,1.000000,1.000000,0.000000,0.000000,0.000000,0.000000,0.000000,0.000000,o
5.000000,0.000000,2.000000,1.000000,0.000000,1.000000,1.000000,1.000000,1.000000,0.000000,0.000000,1.000000,2.000000,0.000000,1.000000,0.000000,0.000000,0.000000,0.000000,0.000000,0.000000,0.000000,0.000000,0.000000,0.000000,0.000000,0.000000,0.000000,0.000000,0.000000,0.000000,0.000000,0.000000,0.000000,0.000000,o
5.000000,0.000000,2.000000,2.000000,0.000000,2.000000,3.000000,0.000000,1.000000,1.000000,0.000000,1.000000,2.000000,0.000000,1.000000,0.000000,0.000000,0.000000,1.000000,0.000000,3.000000,2.000000,0.000000,1.000000,0.000000,0.000000,0.000000,1.000000,1.000000,0.000000,0.000000,0.000000,0.000000,0.000000,0.000000,o
5.000000,0.000000,2.000000,1.000000,0.000000,0.000000,1.000000,0.000000,1.000000,1.000000,0.000000,1.000000,2.000000,0.000000,1.000000,0.000000,0.000000,0.000000,1.000000,0.000000,3.000000,2.000000,0.000000,1.000000,0.000000,0.000000,0.000000,1.000000,1.000000,0.000000,0.000000,0.000000,0.000000,0.000000,0.000000,o
4.000000,0.000000,2.000000,1.000000,0.000000,2.000000,3.000000,0.000000,1.000000,0.000000,0.000000,1.000000,2.000000,0.000000,1.000000,0.000000,0.000000,0.000000,0.000000,0.000000,0.000000,0.000000,0.000000,0.000000,0.000000,0.000000,0.000000,0.000000,0.000000,0.000000,0.000000,0.000000,0.000000,0.000000,0.000000,o
4.000000,0.000000,2.000000,2.000000,0.000000,1.000000,1.000000,1.000000,1.000000,0.000000,0.000000,1.000000,2.000000,0.000000,1.000000,0.000000,0.000000,0.000000,1.000000,0.000000,3.000000,2.000000,0.000000,1.000000,0.000000,0.000000,0.000000,1.000000,1.000000,0.000000,0.000000,0.000000,0.000000,0.000000,0.000000,o
4.000000,0.000000,2.000000,1.000000,0.000000,2.000000,1.000000,1.000000,1.000000,1.000000,0.000000,1.000000,2.000000,0.000000,1.000000,0.000000,0.000000,0.000000,1.000000,0.000000,3.000000,1.000000,0.000000,1.000000,0.000000,0.000000,0.000000,1.000000,1.000000,0.000000,0.000000,0.000000,0.000000,0.000000,0.000000,o
3.000000,1.000000,2.000000,1.000000,0.000000,3.000000,2.000000,1.000000,0.000000,2.000000,0.000000,1.000000,2.000000,0.000000,1.000000,0.000000,0.000000,0.000000,1.000000,0.000000,3.000000,2.000000,0.000000,1.000000,0.000000,0.000000,0.000000,1.000000,1.000000,0.000000,0.000000,0.000000,0.000000,0.000000,0.000000,o
5.000000,0.000000,2.000000,1.000000,0.000000,3.000000,0.000000,1.000000,0.000000,1.000000,0.000000,1.000000,2.000000,0.000000,1.000000,0.000000,0.000000,0.000000,1.000000,0.000000,3.000000,1.000000,0.000000,1.000000,0.000000,0.000000,0.000000,1.000000,1.000000,0.000000,0.000000,0.000000,0.000000,0.000000,0.000000,o
5.000000,0.000000,2.000000,2.000000,0.000000,1.000000,1.000000,0.000000,1.000000,0.000000,0.000000,1.000000,2.000000,0.000000,1.000000,0.000000,0.000000,0.000000,1.000000,0.000000,3.000000,2.000000,0.000000,1.000000,0.000000,0.000000,0.000000,1.000000,1.000000,0.000000,0.000000,0.000000,0.000000,0.000000,0.000000,o
4.000000,0.000000,2.000000,2.000000,0.000000,1.000000,2.000000,1.000000,0.000000,0.000000,0.000000,1.000000,2.000000,0.000000,1.000000,0.000000,0.000000,0.000000,1.000000,0.000000,3.000000,2.000000,0.000000,1.000000,0.000000,0.000000,0.000000,1.000000,1.000000,0.000000,0.000000,0.000000,0.000000,0.000000,0.000000,o
5.000000,0.000000,2.000000,2.000000,0.000000,2.000000,1.000000,0.000000,1.000000,1.000000,0.000000,1.000000,2.000000,0.000000,1.000000,0.000000,0.000000,0.000000,1.000000,0.000000,3.000000,2.000000,0.000000,1.000000,0.000000,0.000000,0.000000,1.000000,1.000000,0.000000,0.000000,0.000000,0.000000,0.000000,0.000000,o
5.000000,0.000000,2.000000,1.000000,0.000000,3.000000,0.000000,1.000000,0.000000,0.000000,0.000000,1.000000,2.000000,0.000000,1.000000,0.000000,0.000000,0.000000,1.000000,0.000000,3.000000,1.000000,0.000000,1.000000,0.000000,0.000000,0.000000,1.000000,1.000000,0.000000,0.000000,0.000000,0.000000,0.000000,0.000000,o
3.000000,0.000000,2.000000,1.000000,0.000000,1.000000,2.000000,1.000000,0.000000,1.000000,0.000000,1.000000,2.000000,0.000000,1.000000,0.000000,0.000000,0.000000,0.000000,0.000000,0.000000,0.000000,0.000000,0.000000,0.000000,0.000000,0.000000,0.000000,0.000000,0.000000,0.000000,0.000000,0.000000,0.000000,0.000000,o
6.000000,0.000000,1.000000,2.000000,0.000000,3.000000,3.000000,0.000000,1.000000,0.000000,0.000000,1.000000,2.000000,0.000000,1.000000,0.000000,0.000000,0.000000,1.000000,0.000000,3.000000,2.000000,1.000000,0.000000,0.000000,0.000000,0.000000,1.000000,2.000000,1.000000,0.000000,1.000000,1.000000,1.000000,0.000000,o
5.000000,0.000000,1.000000,1.000000,0.000000,1.000000,3.000000,1.000000,2.000000,0.000000,0.000000,1.000000,2.000000,0.000000,1.000000,0.000000,0.000000,0.000000,1.000000,0.000000,3.000000,0.000000,1.000000,0.000000,0.000000,0.000000,0.000000,1.000000,1.000000,0.000000,0.000000,0.000000,0.000000,0.000000,0.000000,o
5.000000,0.000000,2.000000,1.000000,0.000000,3.000000,2.000000,1.000000,0.000000,0.000000,0.000000,1.000000,2.000000,0.000000,1.000000,0.000000,0.000000,0.000000,1.000000,0.000000,3.000000,1.000000,0.000000,1.000000,0.000000,0.000000,0.000000,1.000000,1.000000,0.000000,0.000000,0.000000,0.000000,0.000000,0.000000,o
5.000000,1.000000,2.000000,1.000000,0.000000,3.000000,3.000000,0.000000,1.000000,2.000000,0.000000,1.000000,2.000000,0.000000,1.000000,0.000000,0.000000,0.000000,0.000000,0.000000,0.000000,0.000000,0.000000,0.000000,0.000000,0.000000,0.000000,0.000000,0.000000,0.000000,0.000000,0.000000,0.000000,0.000000,0.000000,o
3.000000,1.000000,2.000000,1.000000,0.000000,3.000000,0.000000,1.000000,0.000000,2.000000,0.000000,1.000000,2.000000,0.000000,1.000000,0.000000,0.000000,0.000000,0.000000,0.000000,0.000000,0.000000,0.000000,0.000000,0.000000,0.000000,0.000000,0.000000,0.000000,0.000000,0.000000,0.000000,0.000000,0.000000,0.000000,o
6.000000,1.000000,2.000000,2.000000,0.000000,3.000000,1.000000,0.000000,1.000000,2.000000,0.000000,1.000000,2.000000,0.000000,1.000000,0.000000,0.000000,0.000000,1.000000,0.000000,3.000000,2.000000,0.000000,1.000000,0.000000,0.000000,0.000000,1.000000,1.000000,0.000000,0.000000,0.000000,0.000000,0.000000,0.000000,o
4.000000,0.000000,2.000000,1.000000,0.000000,1.000000,2.000000,1.000000,0.000000,1.000000,0.000000,1.000000,2.000000,0.000000,1.000000,0.000000,0.000000,0.000000,0.000000,0.000000,0.000000,0.000000,0.000000,0.000000,0.000000,0.000000,0.000000,0.000000,0.000000,0.000000,0.000000,0.000000,0.000000,0.000000,0.000000,o
4.000000,0.000000,2.000000,2.000000,0.000000,1.000000,0.000000,1.000000,0.000000,0.000000,0.000000,1.000000,2.000000,0.000000,1.000000,0.000000,0.000000,0.000000,1.000000,0.000000,3.000000,2.000000,0.000000,1.000000,0.000000,0.000000,0.000000,1.000000,1.000000,0.000000,0.000000,0.000000,0.000000,0.000000,0.000000,o
6.000000,1.000000,2.000000,2.000000,0.000000,3.000000,0.000000,0.000000,0.000000,2.000000,0.000000,1.000000,2.000000,0.000000,1.000000,0.000000,0.000000,0.000000,1.000000,0.000000,3.000000,2.000000,0.000000,1.000000,0.000000,0.000000,0.000000,1.000000,1.000000,0.000000,0.000000,0.000000,0.000000,0.000000,0.000000,o
5.000000,1.000000,2.000000,2.000000,0.000000,3.000000,3.000000,0.000000,1.000000,2.000000,0.000000,1.000000,2.000000,0.000000,1.000000,0.000000,0.000000,0.000000,1.000000,0.000000,3.000000,2.000000,0.000000,1.000000,0.000000,0.000000,0.000000,1.000000,1.000000,0.000000,0.000000,0.000000,0.000000,0.000000,0.000000,o
4.000000,0.000000,2.000000,1.000000,0.000000,0.000000,1.000000,1.000000,1.000000,0.000000,0.000000,1.000000,2.000000,0.000000,1.000000,0.000000,0.000000,0.000000,0.000000,0.000000,0.000000,0.000000,0.000000,0.000000,0.000000,0.000000,0.000000,0.000000,0.000000,0.000000,0.000000,0.000000,0.000000,0.000000,0.000000,o
4.000000,0.000000,2.000000,1.000000,0.000000,2.000000,3.000000,1.000000,1.000000,1.000000,0.000000,1.000000,2.000000,0.000000,1.000000,0.000000,0.000000,0.000000,1.000000,0.000000,3.000000,1.000000,0.000000,1.000000,0.000000,0.000000,0.000000,1.000000,1.000000,0.000000,0.000000,0.000000,0.000000,0.000000,0.000000,o
4.000000,1.000000,1.000000,2.000000,0.000000,1.000000,1.000000,0.000000,2.000000,2.000000,1.000000,1.000000,2.000000,0.000000,1.000000,0.000000,0.000000,0.000000,0.000000,0.000000,0.000000,0.000000,0.000000,0.000000,0.000000,0.000000,0.000000,0.000000,0.000000,0.000000,0.000000,0.000000,0.000000,0.000000,0.000000,o
4.000000,0.000000,2.000000,1.000000,0.000000,2.000000,0.000000,0.000000,0.000000,1.000000,0.000000,1.000000,2.000000,0.000000,1.000000,0.000000,0.000000,0.000000,0.000000,0.000000,0.000000,0.000000,0.000000,0.000000,0.000000,0.000000,0.000000,0.000000,0.000000,0.000000,0.000000,0.000000,0.000000,0.000000,0.000000,o
5.000000,1.000000,2.000000,1.000000,0.000000,1.000000,2.000000,1.000000,0.000000,2.000000,0.000000,1.000000,2.000000,0.000000,1.000000,0.000000,0.000000,0.000000,0.000000,0.000000,0.000000,0.000000,0.000000,0.000000,0.000000,0.000000,0.000000,0.000000,0.000000,0.000000,0.000000,0.000000,0.000000,0.000000,0.000000,o
4.000000,0.000000,2.000000,2.000000,0.000000,1.000000,3.000000,1.000000,1.000000,0.000000,0.000000,1.000000,2.000000,0.000000,1.000000,0.000000,0.000000,0.000000,1.000000,0.000000,3.000000,2.000000,0.000000,1.000000,0.000000,0.000000,0.000000,1.000000,1.000000,0.000000,0.000000,0.000000,0.000000,0.000000,0.000000,o
5.000000,0.000000,2.000000,1.000000,0.000000,1.000000,2.000000,0.000000,0.000000,0.000000,0.000000,1.000000,2.000000,0.000000,1.000000,0.000000,0.000000,0.000000,1.000000,0.000000,3.000000,2.000000,0.000000,1.000000,0.000000,0.000000,0.000000,1.000000,1.000000,0.000000,0.000000,0.000000,0.000000,0.000000,0.000000,o
5.000000,0.000000,2.000000,2.000000,0.000000,2.000000,0.000000,0.000000,0.000000,1.000000,0.000000,1.000000,2.000000,0.000000,1.000000,0.000000,0.000000,0.000000,1.000000,0.000000,3.000000,2.000000,0.000000,1.000000,0.000000,0.000000,0.000000,1.000000,1.000000,0.000000,0.000000,0.000000,0.000000,0.000000,0.000000,o
5.000000,1.000000,2.000000,1.000000,0.000000,2.000000,3.000000,0.000000,1.000000,2.000000,0.000000,1.000000,2.000000,0.000000,1.000000,0.000000,0.000000,0.000000,1.000000,0.000000,3.000000,2.000000,0.000000,1.000000,0.000000,0.000000,0.000000,1.000000,1.000000,0.000000,0.000000,0.000000,0.000000,0.000000,0.000000,o
